u_r,u_theta,ro_i,agent_position_x[1],agent_position_x[2],agent_position_x[3],agent_position_x[4],agent_position_x[5],agent_position_x[6]
-0.005999999999999999,0.00047999999999999996,5.0,4.99988,2.5000000000000004,-2.499999999999999,-5.0,-2.500000000000002,2.5000000000000004
-2.744556778080376,0.0065279911825209145,5.0,4.99988,2.472441364095202,-2.499999999999999,-5.0,-2.500000000000002,2.5000000000000004
-10.969227112321505,-15.695090813604708,5.000000000000001,4.99988,2.472441364095202,-2.118460781691075,-5.0,-2.500000000000002,2.5000000000000004
-24.680011002723397,15.506432601263706,5.0,4.99988,2.472441364095202,-2.118460781691075,-4.506399779945532,-2.500000000000002,2.5000000000000004
-10.969227112321514,0.1596579285285445,5.000000000000001,4.99988,2.472441364095202,-2.118460781691075,-4.506399779945532,-2.3875423724363607,2.5000000000000004
-2.744556778080376,-0.0043665288544051835,5.0,4.99988,2.472441364095202,-2.118460781691075,-4.506399779945532,-2.3875423724363607,2.472478801720911
-0.025999382732747583,0.0024802928188423223,4.987880011577737,4.999360012106664,2.472441364095202,-2.118460781691075,-4.506399779945532,-2.3875423724363607,2.472478801720911
-0.02273829426101523,-0.16485670954562703,4.939132565821722,4.999360012106664,2.4750737314857054,-2.118460781691075,-4.506399779945532,-2.3875423724363607,2.472478801720911
-0.03127643326054105,0.4738183994157186,4.796241160643598,4.999360012106664,2.4750737314857054,-2.1266730947963106,-4.506399779945532,-2.3875423724363607,2.472478801720911
-0.03432569593955609,-0.30592182278806834,4.529029401165487,4.999360012106664,2.4750737314857054,-2.1266730947963106,-4.506133822302092,-2.3875423724363607,2.472478801720911
-0.021988940134632463,0.0008078870808417783,4.786608405879737,4.999360012106664,2.4750737314857054,-2.1266730947963106,-4.506133822302092,-2.387307929056373,2.472478801720911
-0.022712885934290196,0.007354333272351941,4.939107501830848,4.999360012106664,2.4750737314857054,-2.1266730947963106,-4.506133822302092,-2.387307929056373,2.4723800439352517
-0.045936132150743846,0.0028016688716318277,4.975360105637614,4.998441288148444,2.4750737314857054,-2.1266730947963106,-4.506133822302092,-2.387307929056373,2.4723800439352517
-0.042430956657767,0.007300088981132336,4.932742620065138,4.998441288148444,2.4745253520823396,-2.1266730947963106,-4.506133822302092,-2.387307929056373,2.4723800439352517
-0.04074400064098038,-0.014180308498572242,4.801027156416578,4.998441288148444,2.4745253520823396,-2.126054501345207,-4.506133822302092,-2.387307929056373,2.4723800439352517
-0.041460257043058814,0.0026515012705309957,4.540317055018698,4.998441288148444,2.4745253520823396,-2.126054501345207,-4.505302927231165,-2.387307929056373,2.4723800439352517
-0.04100965578537647,0.009271821671612536,4.792158106614473,4.998441288148444,2.4745253520823396,-2.126054501345207,-4.505302927231165,-2.3867349750530393,2.4723800439352517
-0.042381834607552904,0.009212959455851408,4.932648496049314,4.998441288148444,2.4745253520823396,-2.126054501345207,-4.505302927231165,-2.3867349750530393,2.4721192674086163
-0.06580825448517799,0.006518735623556923,4.962441605226418,4.997125116628502,2.4745253520823396,-2.126054501345207,-4.505302927231165,-2.3867349750530393,2.4721192674086163
-0.0620985950474273,0.000809230779480071,4.926005200732984,4.997125116628502,2.4738964749815633,-2.126054501345207,-4.505302927231165,-2.3867349750530393,2.4721192674086163
-0.05976642089468443,0.0007400387344172026,4.805663362614941,4.997125116628502,2.4738964749815633,-2.1255299447931923,-4.505302927231165,-2.3867349750530393,2.4721192674086163
-0.0592730766842764,-0.005101509153789661,4.551455971818606,4.997125116628502,2.4738964749815633,-2.1255299447931923,-4.504126921531388,-2.3867349750530393,2.4721192674086163
-0.06004997314689251,0.010944131049494345,4.797324604665321,4.997125116628502,2.4738964749815633,-2.1255299447931923,-4.504126921531388,-2.3859395293246477,2.4721192674086163
-0.06201665242140729,0.011229031372303005,4.925792672921167,4.997125116628502,2.4738964749815633,-2.1255299447931923,-4.504126921531388,-2.3859395293246477,2.471701035655433
-0.08561376735599757,0.008364031423617007,4.949125876788223,4.995412825203079,2.4738964749815633,-2.1255299447931923,-4.504126921531388,-2.3859395293246477,2.471701035655433
-0.08172447592474912,0.0030342141753369562,4.9189218386040645,4.995412825203079,2.473037591946016,-2.1255299447931923,-4.504126921531388,-2.3859395293246477,2.471701035655433
-0.0788424915770072,0.00233549079965678,4.809968499801092,4.995412825203079,2.473037591946016,-2.124859066511212,-4.504126921531388,-2.3859395293246477,2.471701035655433
-0.07714511484827775,-0.006723002474628398,4.562236696775251,4.995412825203079,2.473037591946016,-2.124859066511212,-4.502596385255307,-2.3859395293246477,2.471701035655433
-0.07911462370869143,0.012820905147881551,4.802107413401254,4.995412825203079,2.473037591946016,-2.124859066511212,-4.502596385255307,-2.3849165059800823,2.471701035655433
-0.0816149410858342,0.01322257279114437,4.918540657634685,4.995412825203079,2.473037591946016,-2.124859066511212,-4.502596385255307,-2.3849165059800823,2.471126805457581
-0.10535068851784897,0.010328146903898315,4.935414325670644,4.9933057791212185,2.473037591946016,-2.124859066511212,-4.502596385255307,-2.3849165059800823,2.471126805457581
-0.10131351050192587,0.004946867510610941,4.911493675968283,4.9933057791212185,2.4719559030056386,-2.124859066511212,-4.502596385255307,-2.3849165059800823,2.471126805457581
-0.09793782910765607,0.004261441268891093,4.813941379922942,4.9933057791212185,2.4719559030056386,-2.1240460094427815,-4.502596385255307,-2.3849165059800823,2.471126805457581
-0.09506920800623438,-0.008466279887948668,4.5726579999237895,4.9933057791212185,2.4719559030056386,-2.1240460094427815,-4.500710412871437,-2.3849165059800823,2.471126805457581
-0.09820137995030762,0.014694135375383615,4.806505947318782,4.9933057791212185,2.4719559030056386,-2.1240460094427815,-4.500710412871437,-2.383664446185002,2.471126805457581
-0.10117472961268217,0.015214578305100354,4.910893125687624,4.9933057791212185,2.4719559030056386,-2.1240460094427815,-4.500710412871437,-2.383664446185002,2.470398409883802
-0.12501704769594998,0.012280658379692173,4.921308398820697,4.990805381475321,2.4719559030056386,-2.1240460094427815,-4.500710412871437,-2.383664446185002,2.470398409883802
-0.12086359985214748,0.006866017002079127,4.9037217435922305,4.990805381475321,2.470653101861132,-2.1240460094427815,-4.500710412871437,-2.383664446185002,2.470398409883802
-0.11705137791821842,0.006181558521797744,4.817581509074773,4.990805381475321,2.470653101861132,-2.1230889162291526,-4.500710412871437,-2.383664446185002,2.470398409883802
-0.11304357726095181,-0.010211298575994489,4.582718796290227,4.990805381475321,2.470653101861132,-2.1230889162291526,-4.498467971747849,-2.383664446185002,2.470398409883802
-0.11730832655112335,0.016569295603221866,4.810519667462205,4.990805381475321,2.470653101861132,-2.1230889162291526,-4.498467971747849,-2.382181825202459,2.470398409883802
-0.12069404270973039,0.01720323944053684,4.902850793580824,4.990805381475321,2.470653101861132,-2.1230889162291526,-4.498467971747849,-2.382181825202459,2.469517662111036
-0.14461088062567787,0.014227185900236097,4.906809583788647,4.987913072996568,2.470653101861132,-2.1230889162291526,-4.498467971747849,-2.382181825202459,2.469517662111036
-0.140373042218894,-0.01876031884817625,4.895607116729332,4.987913072996568,2.4696120360718754,-2.1230889162291526,-4.498467971747849,-2.382181825202459,2.469517662111036
-0.13618145742099974,0.007831934941170692,4.8208884141724155,4.987913072996568,2.4696120360718754,-2.1219812514118965,-4.498467971747849,-2.382181825202459,2.469517662111036
-0.13106641328836635,-0.0119627857152399,4.592418037361852,4.987913072996568,2.4696120360718754,-2.1219812514118965,-4.495868069373581,-2.382181825202459,2.469517662111036
-0.1364335364648831,0.018446049442051034,4.814148075080171,4.987913072996568,2.4696120360718754,-2.1219812514118965,-4.495868069373581,-2.3804671528382984,2.469517662111036
-0.14017090976848282,0.019188491332564894,4.894414418954889,4.987913072996568,2.4696120360718754,-2.1219812514118965,-4.495868069373581,-2.3804671528382984,2.468486385613379
-0.1641302308262187,0.015890990777360104,4.891919408703901,4.984630334247727,2.4696120360718754,-2.1219812514118965,-4.495868069373581,-2.3804671528382984,2.468486385613379
-0.15983953089298325,-0.020212196897994,4.88714972539474,4.984630334247727,2.4684127643178986,-2.1219812514118965,-4.495868069373581,-2.3804671528382984,2.468486385613379
-0.15532638205009983,0.009726469539223747,4.823861643727635,4.984630334247727,2.4684127643178986,-2.1207256405670805,-4.495868069373581,-2.3804671528382984,2.468486385613379
-0.14913590226416307,-0.013715602504156179,4.601754711765923,4.984630334247727,2.4684127643178986,-2.1207256405670805,-4.492909740428191,-2.3804671528382984,2.468486385613379
-0.15557508059884148,0.020324297406860443,4.817390711841476,4.984630334247727,2.4684127643178986,-2.1207256405670805,-4.492909740428191,-2.3785189694038507,2.468486385613379
-0.15960336409207387,0.021167412506522515,4.885584800493965,4.984630334247727,2.4684127643178986,-2.1207256405670805,-4.492909740428191,-2.3785189694038507,2.4673063640993647
-0.18357314886677656,0.01779580818171689,4.8766394414883525,4.980958679833872,2.4684127643178986,-2.1207256405670805,-4.492909740428191,-2.3785189694038507,2.4673063640993647
-0.17926305521085487,-0.022137737166796918,4.878350563214506,4.980958679833872,2.4670654884362815,-2.1207256405670805,-4.492909740428191,-2.3785189694038507,2.4673063640993647
-0.17448451034117016,0.011612773045742854,4.82650079100968,4.980958679833872,2.4670654884362815,-2.119320228834227,-4.492909740428191,-2.3785189694038507,2.4673063640993647
-0.16725022543086387,-0.01547211320282701,4.610727845321579,4.980958679833872,2.4670654884362815,-2.119320228834227,-4.489592056811064,-2.3785189694038507,2.4673063640993647
-0.17473102775438,0.022203827963231323,4.820247159853602,4.980958679833872,2.4670654884362815,-2.119320228834227,-4.489592056811064,-2.3763358476854597,2.4673063640993647
-0.17898944322601873,0.02314513279147768,4.876362777960438,4.980958679833872,2.4670654884362815,-2.119320228834227,-4.489592056811064,-2.3763358476854597,2.465979482128696
-0.2029376953925192,0.019684327250211877,4.8609712912007605,4.976899662988583,2.4670654884362815,-2.119320228834227,-4.489592056811064,-2.3763358476854597,2.465979482128696
-0.19864086992012261,-0.02405012342926257,4.869210614995674,4.976899662988583,2.4655719287208693,-2.119320228834227,-4.489592056811064,-2.3763358476854597,2.465979482128696
-0.19365415922815493,0.013500525965088803,4.828805481603035,4.976899662988583,2.4655719287208693,-2.117763348103701,-4.489592056811064,-2.3763358476854597,2.465979482128696
-0.18540755938434392,-0.017232034974519365,4.619336501148431,4.976899662988583,2.4655719287208693,-2.117763348103701,-4.485914124257569,-2.3763358476854597,2.465979482128696
-0.19389944484654573,0.02408453913038979,4.822717041687686,4.976899662988583,2.4655719287208693,-2.117763348103701,-4.485914124257569,-2.3739163911069814,2.465979482128696
-0.19832718889281198,0.0251188338539966,4.866749231899941,4.976899662988583,2.4655719287208693,-2.117763348103701,-4.485914124257569,-2.3739163911069814,2.464507586066747
-0.2222219375261622,0.021566351541234804,4.84491660671343,4.972454873957189,2.4655719287208693,-2.117763348103701,-4.485914124257569,-2.3739163911069814,2.464507586066747
-0.21797129569962684,-0.02595873519216398,4.859730920547847,4.972454873957189,2.4639339842331838,-2.117763348103701,-4.485914124257569,-2.3739163911069814,2.464507586066747
-0.2128336558287383,0.015389310398566357,4.830775374794221,4.972454873957189,2.4639339842331838,-2.1160533374261656,-4.485914124257569,-2.3739163911069814,2.464507586066747
-0.20360607620381554,-0.018995232914601708,4.6275797797492135,4.972454873957189,2.4639339842331838,-2.1160533374261656,-4.481875082646697,-2.3739163911069814,2.464507586066747
-0.21307839709508167,0.025966246687388235,4.824800020395575,4.972454873957189,2.4639339842331838,-2.1160533374261656,-4.481875082646697,-2.3712592351814843,2.464507586066747
-0.21761464767578134,0.02708851595593363,4.856745083659265,4.972454873957189,2.4639339842331838,-2.1160533374261656,-4.481875082646697,-2.3712592351814843,2.462892533221352
-0.24142395140732953,0.02344143535188816,4.82847707692713,4.967625939899309,2.4639339842331838,-2.1160533374261656,-4.481875082646697,-2.3712592351814843,2.462892533221352
-0.23725263807668487,-0.027863256244667265,4.849912553729194,4.967625939899309,2.4621535632090676,-2.1160533374261656,-4.481875082646697,-2.3712592351814843,2.462892533221352
-0.2320213252728947,0.017279004489724876,4.832410163334498,4.967625939899309,2.4621535632090676,-2.114188548433986,-4.481875082646697,-2.3712592351814843,2.462892533221352
-0.2218439436537936,-0.020761566788322965,4.635456819093404,4.967625939899309,2.4621535632090676,-2.114188548433986,-4.477474106103591,-2.3712592351814843,2.462892533221352
-0.23226594823679705,0.02784879581914316,4.826495799527097,4.967625939899309,2.4621535632090676,-2.114188548433986,-4.477474106103591,-2.368363047045599,2.462892533221352
-0.2368498708438579,0.02905402160958969,4.846351295289084,4.967625939899309,2.4621535632090676,-2.114188548433986,-4.477474106103591,-2.368363047045599,2.461136188958814
-0.26054182180512614,0.02530943280334574,4.8116544305996225,4.962414524720998,2.4621535632090676,-2.114188548433986,-4.477474106103591,-2.368363047045599,2.461136188958814
-0.2564832085091127,-0.02976355818677096,4.839756622761446,4.962414524720998,2.4602325861920518,-2.114188548433986,-4.477474106103591,-2.368363047045599,2.461136188958814
-0.25121549133984034,0.019169478610071004,4.83370957346607,4.962414524720998,2.4602325861920518,-2.112167345359185,-4.477474106103591,-2.368363047045599,2.461136188958814
-0.2401193253707957,-0.022530895945785452,4.642966794697003,4.962414524720998,2.4602325861920518,-2.112167345359185,-4.472710403105543,-2.368363047045599,2.461136188958814
-0.251460160723035,0.029732029509875527,4.827804123142851,4.962414524720998,2.4602325861920518,-2.112167345359185,-4.472710403105543,-2.3652265255343394,2.461136188958814
-0.256030914672373,0.031015199865627955,4.835568869452673,4.962414524720998,2.4602325861920518,-2.112167345359185,-4.472710403105543,-2.3652265255343394,2.4592404266942434
-0.27957364234201804,0.02717019083800048,4.794450436197096,4.956822328906522,2.4602325861920518,-2.112167345359185,-4.472710403105543,-2.3652265255343394,2.4592404266942434
-0.2756613241473346,-0.031659509371636,4.8292642701319215,4.956822328906522,2.4581729858238286,-2.112167345359185,-4.472710403105543,-2.3652265255343394,2.4592404266942434
-0.27041447661197837,0.02106060328681433,4.834673364935066,4.956822328906522,2.4581729858238286,-2.109988105191762,-4.472710403105543,-2.3652265255343394,2.4592404266942434
-0.25843038105129545,-0.0243030794662541,4.650108919698905,4.956822328906522,2.4581729858238286,-2.109988105191762,-4.467583216585193,-2.3652265255343394,2.4592404266942434
-0.2706590959237986,0.03161579080965938,4.828724775823857,4.956822328906522,2.4581729858238286,-2.109988105191762,-4.467583216585193,-2.361848401215126,2.4592404266942434
-0.27515584063876614,0.03297190001137702,4.824398849328884,4.956822328906522,2.4581729858238286,-2.109988105191762,-4.467583216585193,-2.361848401215126,2.4572071277721763
-0.29851751569104445,0.029023557185070475,4.776866901741545,4.95085108934722,2.4581729858238286,-2.109988105191762,-4.467583216585193,-2.361848401215126,2.4572071277721763
-0.29478530801288144,-0.033550978568762276,4.818436672500468,4.95085108934722,2.455976706699133,-2.109988105191762,-4.467583216585193,-2.361848401215126,2.4572071277721763
-0.28961660264295747,0.02295224901905078,4.835301331001557,4.95085108934722,2.455976706699133,-2.1076492178342248,-4.467583216585193,-2.361848401215126,2.4572071277721763
-0.2767752666400128,-0.026077976150996194,4.656882444933851,4.95085108934722,2.455976706699133,-2.1076492178342248,-4.462091824030713,-2.361848401215126,2.4572071277721763
-0.2898608143304514,0.03349992273996141,4.829257582677939,4.95085108934722,2.455976706699133,-2.1076492178342248,-4.462091824030713,-2.358227436421428,2.4572071277721763
-0.294222715624588,0.03492397179424196,4.812842318511803,4.95085108934722,2.455976706699133,-2.1076492178342248,-4.462091824030713,-2.358227436421428,2.4550381813517914
-0.3173715537730996,0.030869380180469877,4.758905674655151,4.944502579167593,2.455976706699133,-2.1076492178342248,-4.462091824030713,-2.358227436421428,2.4550381813517914
-0.31385348916833805,-0.03543783490501124,4.807275040603173,4.944502579167593,2.453645705219872,-2.1076492178342248,-4.462091824030713,-2.358227436421428,2.4550381813517914
-0.3088201901253984,0.024844286294784294,4.835593298446302,4.944502579167593,2.453645705219872,-2.1051490862558797,-4.462091824030713,-2.358227436421428,2.4550381813517914
-0.29515213451855044,-0.02785544453986029,4.6632866590019475,4.944502579167593,2.453645705219872,-2.1051490862558797,-4.456235537583009,-2.358227436421428,2.4550381813517914
-0.30906337575852894,0.035384268310711696,4.829402409342816,4.944502579167593,2.453645705219872,-2.1051490862558797,-4.456235537583009,-2.3543624252840627,2.4550381813517914
-0.31322961211671296,0.03687126543458076,4.800900400907019,4.944502579167593,2.453645705219872,-2.1051490862558797,-4.456235537583009,-2.3543624252840627,2.4527354842930964
-0.3361338779534029,0.032707508783564536,4.740568641601688,4.937778607548638,2.453645705219872,-2.1051490862558797,-4.456235537583009,-2.3543624252840627,2.4527354842930964
-0.33286420288694063,-0.03731994787571419,4.795780619153046,4.937778607548638,2.451181949449777,-2.1051490862558797,-4.456235537583009,-2.3543624252840627,2.4527354842930964
-0.32802355905864805,0.02673658560301434,4.835549127574234,4.937778607548638,2.451181949449777,-2.1024861266467534,-4.456235537583009,-2.3543624252840627,2.4527354842930964
-0.31355913369435984,-0.029635342926402138,4.669320888334713,4.937778607548638,2.451181949449777,-2.1024861266467534,-4.450013704129932,-2.3543624252840627,2.4527354842930964
-0.32826483955054,0.037268670533159826,4.8291591619859116,4.937778607548638,2.451181949449777,-2.1024861266467534,-4.450013704129932,-2.350252193760165,2.4527354842930964
-0.33217460840801116,0.03881363164474185,4.788574260624495,4.937778607548638,2.451181949449777,-2.1024861266467534,-4.450013704129932,-2.350252193760165,2.450300941044258
-0.3548026192371688,0.03453779258921623,4.721857728324997,4.930681019548485,2.451181949449777,-2.1024861266467534,-4.450013704129932,-2.350252193760165,2.450300941044258
-0.35181579082165165,-0.03919718735426911,4.783954686737675,4.930681019548485,2.448587418969606,-2.1024861266467534,-4.450013704129932,-2.350252193760165,2.450300941044258
-0.3472250289165344,0.028629017446022895,4.83516871221467,4.930681019548485,2.448587418969606,-2.099658768571125,-4.450013704129932,-2.350252193760165,2.450300941044258
-0.33199440999001906,-0.03141752937308391,4.674984497257669,4.930681019548485,2.448587418969606,-2.099658768571125,-4.4434257053975,-2.350252193760165,2.450300941044258
-0.3474632647787473,0.03915297243283692,4.828527787300857,4.930681019548485,2.448587418969606,-2.099658768571125,-4.4434257053975,-2.345895599659773,2.450300941044258
-0.3510557887974556,0.040750921647932196,4.775865101868092,4.930681019548485,2.448587418969606,-2.099658768571125,-4.4434257053975,-2.345895599659773,2.4477364635301395
-0.37337591846446216,0.03636008183970048,4.702774899484596,4.923211695920365,2.448587418969606,-2.099658768571125,-4.4434257053975,-2.345895599659773,2.4477364635301395
-0.37070660117370074,-0.0410694236015356,4.771798555713881,4.923211695920365,2.4458641047329395,-2.099658768571125,-4.4434257053975,-2.345895599659773,2.4477364635301395
-0.3664229188151077,0.030521452351684852,4.834451979718235,4.923211695920365,2.4458641047329395,-2.0966654551206405,-4.4434257053975,-2.345895599659773,2.4477364635301395
-0.3504561062328052,-0.03320186172651752,4.680276888049437,4.923211695920365,2.4458641047329395,-2.0966654551206405,-4.436470958038116,-2.345895599659773,2.4477364635301395
-0.3666567104479103,0.04103701706254521,4.827508272500681,4.923211695920365,2.4458641047329395,-2.0966654551206405,-4.436470958038116,-2.3412915326699766,2.4477364635301395
-0.369871243789647,0.04268298719710001,4.762774168821767,4.923211695920365,2.4458641047329395,-2.0966654551206405,-4.436470958038116,-2.3412915326699766,2.4450439710421126
-0.39185192650422324,0.03817422743646281,4.683322158488487,4.915372552927951,2.4458641047329395,-2.0966654551206405,-4.436470958038116,-2.3412915326699766,2.4450439710421126
-0.3895349888605753,-0.04293652727508416,4.759313572099403,4.915372552927951,2.4430140089226215,-2.0966654551206405,-4.436470958038116,-2.3412915326699766,2.4450439710421126
-0.3856155476803499,0.03241376088588814,4.833398890950522,4.915372552927951,2.4430140089226215,-2.0935046430669804,-4.436470958038116,-2.3412915326699766,2.4450439710421126
-0.3689423624445433,-0.034988197632701945,4.685197500997344,4.915372552927951,2.4430140089226215,-2.0935046430669804,-4.429148913715798,-2.3412915326699766,2.4450439710421126
-0.38584323569797313,0.04292064751534177,4.8261006453076885,4.915372552927951,2.4430140089226215,-2.0935046430669804,-4.429148913715798,-2.336438914376577,2.4450439710421126
-0.38861907029373877,0.044609680593838325,4.749302745532442,4.915372552927951,2.4430140089226215,-2.0935046430669804,-4.429148913715798,-2.336438914376577,2.442225390129219
-0.4102288044474518,0.03998008095163511,4.663501547323198,4.907165542158136,2.4430140089226215,-2.0935046430669804,-4.429148913715798,-2.336438914376577,2.442225390129219
-0.4082993156834458,-0.04479836943811655,4.746501115461635,4.907165542158136,2.4400391448078924,-2.0935046430669804,-4.429148913715798,-2.336438914376577,2.442225390129219
-0.40480123441583726,0.034305813664904074,4.832009440282454,4.907165542158136,2.4400391448078924,-2.0901748030140532,-4.429148913715798,-2.336438914376577,2.442225390129219
-0.38745131603171434,-0.03677639455230318,4.689745814449509,4.907165542158136,2.4400391448078924,-2.0901748030140532,-4.421459059188397,-2.336438914376577,2.442225390129219
-0.405020900006682,0.044803706937506044,4.824304973939996,4.907165542158136,2.4400391448078924,-2.0901748030140532,-4.421459059188397,-2.3313366982832084,2.442225390129219
-0.40729737182174625,0.04653085470729238,4.735452155789613,4.907165542158136,2.4400391448078924,-2.0901748030140532,-4.421459059188397,-2.3313366982832084,2.439282654490749
-0.42850472379953475,0.04177749463936782,4.643315146381149,4.898592650331273,2.4400391448078924,-2.0901748030140532,-4.421459059188397,-2.3313366982832084,2.439282654490749
-0.42699795049401224,-0.04665482156824779,4.73336259880342,4.898592650331273,2.436941536602263,-2.0901748030140532,-4.421459059188397,-2.3313366982832084,2.439282654490749
-0.4239782980703393,0.03619748136791518,4.830283655577356,4.898592650331273,2.436941536602263,-2.0866744195496874,-4.421459059188397,-2.3313366982832084,2.439282654490749
-0.4059811019758044,-0.03856630977593695,4.693921344863426,4.898592650331273,2.436941536602263,-2.0866744195496874,-4.413400916386823,-2.3313366982832084,2.439282654490749
-0.4241877633921156,0.04668603854152574,4.822121367094747,4.898592650331273,2.436941536602263,-2.0866744195496874,-4.413400916386823,-2.3259838698278728,2.439282654490749
-0.4259042586862225,0.04844636299311784,4.721223763001694,4.898592650331273,2.436941536602263,-2.0866744195496874,-4.413400916386823,-2.3259838698278728,2.4362177048703177
-0.4466778666717051,0.04356632144692671,4.622765074285399,4.889655899108942,2.436941536602263,-2.0866744195496874,-4.413400916386823,-2.3259838698278728,2.4362177048703177
-0.44562926936075503,-0.04850575556598899,4.719899468445957,4.889655899108942,2.4337232193221854,-2.0866744195496874,-4.413400916386823,-2.3259838698278728,2.4362177048703177
-0.4431450580053379,0.0380886347494891,4.8282215981747365,4.889655899108942,2.4337232193221854,-2.083001991396793,-4.413400916386823,-2.3259838698278728,2.4362177048703177
-0.4245298530238776,-0.04035780043949144,4.697723646850992,4.889655899108942,2.4337232193221854,-2.083001991396793,-4.4049740424912605,-2.3259838698278728,2.4362177048703177
-0.44334188661511104,0.04856748561902505,4.81954997392797,4.889655899108942,2.4337232193221854,-2.083001991396793,-4.4049740424912605,-2.32037944639684,2.4362177048703177
-0.4444378481972848,0.050356059512437844,4.706618970069139,4.889655899108942,2.4337232193221854,-2.083001991396793,-4.4049740424912605,-2.32037944639684,2.4330324889515116
-0.4647464259716211,0.04534641502557212,4.601853487711829,4.88035734489929,2.4337232193221854,-2.083001991396793,-4.4049740424912605,-2.32037944639684,2.4330324889515116
-0.46419165573457694,-0.05035104376297795,4.7061132039088305,4.88035734489929,2.4303862386465656,-2.083001991396793,-4.4049740424912605,-2.32037944639684,2.4330324889515116
-0.46229983406244923,0.039979144652180665,4.8258233628707785,4.88035734489929,2.4303862386465656,-2.0791560315639663,-4.4049740424912605,-2.32037944639684,2.4330324889515116
-0.44309569987935415,-0.04215072353944572,4.701152313220011,4.88035734489929,2.4303862386465656,-2.0791560315639663,-4.396178030004386,-2.32037944639684,2.4330324889515116
-0.46248133138156927,0.05044789155371123,4.816590984031107,4.88035734489929,2.4303862386465656,-2.0791560315639663,-4.396178030004386,-2.314522477335869,2.4330324889515116
-0.4628962648589743,0.05225979895084043,4.6916392192543706,4.88035734489929,2.4303862386465656,-2.0791560315639663,-4.396178030004386,-2.314522477335869,2.42972896125519
-0.48270860559305107,0.047117629741198014,4.5805825812088505,4.870699078659999,2.4303862386465656,-2.0791560315639663,-4.396178030004386,-2.314522477335869,2.42972896125519
-0.4826835006138206,-0.05219055892995917,4.692005317787179,4.870699078659999,2.4269326507771787,-2.0791560315639663,-4.396178030004386,-2.314522477335869,2.42972896125519
-0.4814409467307343,0.0418688820190806,4.8230890778955136,4.870699078659999,2.4269326507771787,-2.0751350674955114,-4.396178030004386,-2.314522477335869,2.42972896125519
-0.46167677139297647,-0.04394493594822532,4.7042069750121325,4.870699078659999,2.4269326507771787,-2.0751350674955114,-4.387012506821576,-2.314522477335869,2.42972896125519
-0.4816041605446238,0.05232709983425902,4.813244627404178,4.870699078659999,2.4269326507771787,-2.0751350674955114,-4.387012506821576,-2.308412043958702,2.42972896125519
-0.48127764056493333,0.05415743663742364,4.676285992048545,4.870699078659999,2.4269326507771787,-2.0751350674955114,-4.387012506821576,-2.308412043958702,2.426309083038522
-0.5005626206046547,0.048879820684727085,4.558954587014714,4.860683225698946,2.4269326507771787,-2.0751350674955114,-4.387012506821576,-2.308412043958702,2.426309083038522
-0.5011032027086478,-0.05402417428446593,4.677577355626053,4.860683225698946,2.4233645223000346,-2.0751350674955114,-4.387012506821576,-2.308412043958702,2.426309083038522
-0.5005667173138785,0.04375771790651707,4.820018904886719,4.860683225698946,2.4233645223000346,-2.0709376412208473,-4.387012506821576,-2.308412043958702,2.426309083038522
-0.4802711947539445,-0.04574029442956544,4.706887301537237,4.860683225698946,2.4233645223000346,-2.0709376412208473,-4.377477136298122,-2.308412043958702,2.426309083038522
-0.5007084383066546,0.05420495406717436,4.809511174425593,4.860683225698946,2.4233645223000346,-2.0709376412208473,-4.377477136298122,-2.3020472595527925,2.426309083038522
-0.49958011479338355,0.056048828563869516,4.6605608090351796,4.860683225698946,2.4233645223000346,-2.0709376412208473,-4.377477136298122,-2.3020472595527925,2.4227748221958443
-0.5183066974378476,0.05063284368226805,4.536971774872476,4.850311945472603,2.4233645223000346,-2.0709376412208473,-4.377477136298122,-2.3020472595527925,2.4227748221958443
-0.5194491686047663,-0.05585176349821461,4.662830895791978,4.850311945472603,2.4196839300477544,-2.0709376412208473,-4.377477136298122,-2.3020472595527925,2.4227748221958443
-0.5196754680972269,0.0456455234966704,4.816613038860486,4.850311945472603,2.4196839300477544,-2.06656230950328,-4.377477136298122,-2.3020472595527925,2.4227748221958443
-0.4988770956812032,-0.04753665565391394,4.709193000404251,4.850311945472603,2.4196839300477544,-2.06656230950328,-4.36757161731343,-2.3020472595527925,2.4227748221958443
-0.5197922304211325,0.05608129798964042,4.805390935818625,4.850311945472603,2.4196839300477544,-2.06656230950328,-4.36757161731343,-2.295427269382217,2.4227748221958443
-0.517801834801389,0.05793383140355649,4.644465229750703,4.850311945472603,2.4196839300477544,-2.06656230950328,-4.36757161731343,-2.295427269382217,2.4191281531614295
-0.535939074073739,0.05237655530499576,4.51463645184272,4.839587431382252,2.4196839300477544,-2.06656230950328,-4.36757161731343,-2.295427269382217,2.4191281531614295
-0.5377198129264884,-0.05767320070417992,4.647767549341737,4.839587431382252,2.4158929609630113,-2.06656230950328,-4.36757161731343,-2.295427269382217,2.4191281531614295
-0.5387655225146571,0.047532170110338806,4.8128717081784975,4.839587431382252,2.4158929609630113,-2.0620076439881045,-4.36757161731343,-2.295427269382217,2.4191281531614295
-0.5174925986148634,-0.049333876213802905,4.711123817548375,4.839587431382252,2.4158929609630113,-2.0620076439881045,-4.357295684332232,-2.295427269382217,2.4191281531614295
-0.5388536043942759,0.057955975482256845,4.8008842626145025,4.839587431382252,2.4158929609630113,-2.0620076439881045,-4.357295684332232,-2.288551250687738,2.4191281531614295
-0.5359409558183877,0.05981230253074626,4.628000852541929,4.839587431382252,2.4158929609630113,-2.0620076439881045,-4.357295684332232,-2.288551250687738,2.415371056814257
-0.5534580002291323,0.05411081287875295,4.4919509621141165,4.828511910568071,2.4158929609630113,-2.0620076439881045,-4.357295684332232,-2.288551250687738,2.415371056814257
-0.5559135584991097,-0.05948836050334416,4.632388959888446,4.828511910568071,2.411993711963097,-2.0620076439881045,-4.357295684332232,-2.288551250687738,2.415371056814257
-0.5578352053152731,0.04941752921965173,4.808795174511997,4.828511910568071,2.411993711963097,-2.057272231350017,-4.357295684332232,-2.288551250687738,2.415371056814257
-0.5361158269077384,-0.05113181263929644,4.712679537254746,4.828511910568071,2.411993711963097,-2.057272231350017,-4.346649107462801,-2.288551250687738,2.415371056814257
-0.557890629686503,0.05982883058179389,4.795991546112161,4.828511910568071,2.411993711963097,-2.057272231350017,-4.346649107462801,-2.28141841268397,2.415371056814257
-0.553995641238977,0.06168410003982042,4.611169314420509,4.828511910568071,2.411993711963097,-2.057272231350017,-4.346649107462801,-2.28141841268397,2.4115055203848796
-0.5708617375415782,0.05583547449340946,4.468917686811903,4.817087643701174,2.411993711963097,-2.057272231350017,-4.346649107462801,-2.28141841268397,2.4115055203848796
-0.5740288365105917,-0.06129711797113097,4.6166968034648885,4.817087643701174,2.407988289805671,-2.057272231350017,-4.346649107462801,-2.28141841268397,2.4115055203848796
-0.5768828427299043,0.05130147246087389,4.804383732802447,4.817087643701174,2.407988289805671,-2.0523546734398055,-4.346649107462801,-2.28141841268397,2.4115055203848796
-0.5547449030169774,-0.05293032141341979,4.713859982178485,4.817087643701174,2.407988289805671,-2.0523546734398055,-4.335631692512155,-2.28141841268397,2.4115055203848796
-0.5769013779136646,0.06169970749383955,4.790713217834633,4.817087643701174,2.407988289805671,-2.0523546734398055,-4.335631692512155,-2.274027996553611,2.4115055203848796
-0.5719640628149345,0.06354908276456123,4.593972290914407,4.817087643701174,2.407988289805671,-2.0523546734398055,-4.335631692512155,-2.274027996553611,2.407533537364488
-0.5881485597534707,0.05755039901189139,4.445539043804387,4.805316924773659,2.407988289805671,-2.0523546734398055,-4.335631692512155,-2.274027996553611,2.407533537364488
-0.5920640866725357,-0.06309934866343425,4.60069278838421,4.805316924773659,2.403878810955754,-2.0523546734398055,-4.335631692512155,-2.274027996553611,2.407533537364488
-0.5959067626373938,0.05318387164721197,4.799637711218875,4.805316924773659,2.403878810955754,-2.0472535874302937,-4.335631692512155,-2.274027996553611,2.407533537364488
-0.5733779486957792,-0.05472925898760452,4.714665013361162,4.805316924773659,2.403878810955754,-2.0472535874302937,-4.324243281038295,-2.274027996553611,2.407533537364488
-0.5958839230480387,0.06356845060539627,4.785049749482091,4.805316924773659,2.403878810955754,-2.0472535874302937,-4.324243281038295,-2.2663792754387035,2.407533537364488
-0.5898444008464627,0.06540711029753739,4.576411495916435,4.805316924773659,2.403878810955754,-2.0472535874302937,-4.324243281038295,-2.2663792754387035,2.4034571074162696
-0.6053167528951771,0.059255446078917015,4.421817487507545,4.7932020808867595,2.403878810955754,-2.0472535874302937,-4.324243281038295,-2.2663792754387035,2.4034571074162696
-0.6100177573804345,-0.06489492862231493,4.584378655097951,4.7932020808867595,2.3996674014540287,-2.0472535874302937,-4.324243281038295,-2.2663792754387035,2.4034571074162696
-0.6149052947306579,0.055064598781651056,4.794557471111918,4.7932020808867595,2.3996674014540287,-2.041967605961511,-4.324243281038295,-2.2663792754387035,2.4034571074162696
-0.5920130851851659,-0.056528481797161925,4.715094530243663,4.7932020808867595,2.3996674014540287,-2.041967605961511,-4.312483750399433,-2.2663792754387035,2.4034571074162696
-0.6148363416190717,0.06543490449741354,4.7790016528815285,4.7932020808867595,2.3996674014540287,-2.041967605961511,-4.312483750399433,-2.2584715544288816,2.4034571074162696
-0.6076348443726386,0.06725804300954344,4.558488681529872,4.7932020808867595,2.3996674014540287,-2.041967605961511,-4.312483750399433,-2.2584715544288816,2.3992782362891742
-0.622364615467193,0.060950476129443175,4.397755508687852,4.780745472037167,2.3996674014540287,-2.041967605961511,-4.312483750399433,-2.2584715544288816,2.3992782362891742
-0.6278883058731873,-0.0666837343812761,4.567756176051472,4.780745472037167,2.3953561967865142,-2.041967605961511,-4.312483750399433,-2.2584715544288816,2.3992782362891742
-0.6338767706825011,0.0569435260698574,4.789143406964553,4.780745472037167,2.3953561967865142,-2.0364953772850627,-4.312483750399433,-2.2584715544288816,2.3992782362891742
-0.6106484334058004,-0.05832784627677797,4.715148470675432,4.780745472037167,2.3953561967865142,-2.0364953772850627,-4.30035301380025,-2.2584715544288816,2.3992782362891742
-0.6337567129138489,0.06729891395720888,4.7725694799331,4.780745472037167,2.3953561967865142,-2.0364953772850627,-4.30035301380025,-2.25030417054657,2.3992782362891742
-0.625333591361055,0.06910174206914245,4.540205637911242,4.780745472037167,2.3953561967865142,-2.0364953772850627,-4.30035301380025,-2.25030417054657,2.3949989357341916
-0.6392904586213165,0.06263535039674727,4.373355634263417,4.767949490901618,2.3953561967865142,-2.0364953772850627,-4.30035301380025,-2.25030417054657,2.3949989357341916
-0.6456741983918659,-0.06846564297012829,4.550827155536821,4.767949490901618,2.3909473417556732,-2.0364953772850627,-4.30035301380025,-2.25030417054657,2.3949989357341916
-0.652819524311172,0.05882052593306448,4.783395946339521,4.767949490901618,2.3909473417556732,-2.0308355654076724,-4.30035301380025,-2.25030417054657,2.3949989357341916
-0.6292821141498279,-0.06012720887598276,4.714826810920114,4.767949490901618,2.3909473417556732,-2.0308355654076724,-4.287851020335179,-2.25030417054657,2.3949989357341916
-0.6526431191772771,0.06916032399083641,4.765753822553121,4.767949490901618,2.3909473417556732,-2.0308355654076724,-4.287851020335179,-2.2418764927290993,2.3949989357341916
-0.6429388488966372,0.07093806946229483,4.521564193110267,4.767949490901618,2.3909473417556732,-2.0308355654076724,-4.287851020335179,-2.2418764927290993,2.390621223423259
-0.6560926063408298,0.06430993092020813,4.348620427103546,4.754816562619826,2.3909473417556732,-2.0308355654076724,-4.287851020335179,-2.2418764927290993,2.390621223423259
-0.6633739103377164,-0.07024053191940877,4.533593429543036,4.754816562619826,2.386442990353026,-2.0308355654076724,-4.287851020335179,-2.2418764927290993,2.390621223423259
-0.6717318917456397,0.06069547102101675,4.777315549823436,4.754816562619826,2.386442990353026,-2.0249868502338697,-4.287851020335179,-2.2418764927290993,2.390621223423259
-0.6479122482727242,-0.12385285214940069,4.714129565657581,4.754816562619826,2.386442990353026,-2.0249868502338697,-4.27504411894839,-2.2418764927290993,2.390621223423259
-0.6714936458119651,0.07039116585204686,4.758555312613724,4.754816562619826,2.386442990353026,-2.0249868502338697,-4.27504411894839,-2.233198330665658,2.390621223423259
-0.6604488333696221,0.07276092506762503,4.50256621290707,4.754816562619826,2.386442990353026,-2.0249868502338697,-4.27504411894839,-2.233198330665658,2.38614701564714
-0.672769395619686,0.06597402288782532,4.323552485826849,4.741349144586917,2.386442990353026,-2.0249868502338697,-4.27504411894839,-2.233198330665658,2.38614701564714
-0.6809859264293875,-0.0720082798693927,4.516056865603969,4.741349144586917,2.381845305644245,-2.0249868502338697,-4.27504411894839,-2.233198330665658,2.38614701564714
-0.6906122115905784,0.06194067746600241,4.770902710967598,4.741349144586917,2.381845305644245,-2.01893716810462,-4.27504411894839,-2.233198330665658,2.38614701564714
-0.6665378326322838,-0.12499859715523519,4.71305771250547,4.741349144586917,2.381845305644245,-2.01893716810462,-4.261863655411045,-2.233198330665658,2.38614701564714
-0.6903064181000641,0.07226740743804508,4.750974645846584,4.741349144586917,2.381845305644245,-2.01893716810462,-4.261863655411045,-2.2242583269587786,2.38614701564714
-0.6778617707486172,0.07458242858195197,4.483213600882008,4.741349144586917,2.381845305644245,-2.01893716810462,-4.261863655411045,-2.2242583269587786,2.3815784550915033
-0.6893191766398947,0.06762760948514811,4.298154444597355,4.727549726200342,2.381845305644245,-2.01893716810462,-4.261863655411045,-2.2242583269587786,2.3815784550915033
-0.6985087408593552,-0.07377469739637907,4.498219362643602,4.727549726200342,2.3771565666935306,-2.01893716810462,-4.261863655411045,-2.2242583269587786,2.3815784550915033
-0.7094587817480494,0.06383181213844392,4.764157927371935,4.727549726200342,2.3771565666935306,-2.0126963939044096,-4.261863655411045,-2.2242583269587786,2.3815784550915033
-0.6851551863655208,-0.12862089208534502,4.711610843347667,4.727549726200342,2.3771565666935306,-2.0126963939044096,-4.2483122673748905,-2.2242583269587786,2.3815784550915033
-0.7090794668937652,0.07410260431140474,4.743012535994352,4.727549726200342,2.3771565666935306,-2.0126963939044096,-4.2483122673748905,-2.215056574879495,2.3815784550915033
-0.6951758962689859,0.07639566676136256,4.463508297800997,4.727549726200342,2.3771565666935306,-2.0126963939044096,-4.2483122673748905,-2.215056574879495,2.376917568014032
-0.7057403129517777,0.06927043072989049,4.272428972921775,4.713420828684678,2.3771565666935306,-2.0126963939044096,-4.2483122673748905,-2.215056574879495,2.376917568014032
-0.7159408573275604,-0.07552746868628542,4.480082850560127,4.713420828684678,2.3723788410390068,-2.0126963939044096,-4.2483122673748905,-2.215056574879495,2.376917568014032
-0.7282700194734456,0.0656825266522714,4.757081763502455,4.713420828684678,2.3723788410390068,-2.0062626059965485,-4.2483122673748905,-2.215056574879495,2.376917568014032
-0.7037633995726923,-0.13214446619287645,4.7097891555524045,4.713420828684678,2.3723788410390068,-2.0062626059965485,-4.234389819370378,-2.215056574879495,2.376917568014032
-0.7278109154289781,0.0759363786927851,4.734669735472399,4.713420828684678,2.3723788410390068,-2.0062626059965485,-4.234389819370378,-2.205592538140022,2.376917568014032
-0.7123894556125067,0.07820101679157905,4.443452281641798,4.713420828684678,2.3723788410390068,-2.0062626059965485,-4.234389819370378,-2.205592538140022,2.372166395526585
-0.7220311816447464,0.07090247588470622,4.246378775441782,4.698965004819189,2.3723788410390068,-2.0062626059965485,-4.234389819370378,-2.205592538140022,2.372166395526585
-0.7332807898263373,-0.07727321808193843,4.461649290560601,4.698965004819189,2.3675143268998813,-2.0062626059965485,-4.234389819370378,-2.205592538140022,2.372166395526585
-0.7470442392486363,0.06753248036294768,4.749674810083606,4.698965004819189,2.3675143268998813,-1.999634583608226,-4.234389819370378,-2.205592538140022,2.372166395526585
-0.7223605521960548,-0.1356704564301821,4.707592838145033,4.698965004819189,2.3675143268998813,-1.999634583608226,-4.220096318486079,-2.205592538140022,2.372166395526585
-0.7464988623147338,0.07776676046863605,4.725947035996134,4.698965004819189,2.3675143268998813,-1.999634583608226,-4.220096318486079,-2.195865742353387,2.372166395526585
-0.729500704234943,0.07999831892288141,4.423047567431797,4.698965004819189,2.3675143268998813,-1.999634583608226,-4.220096318486079,-2.195865742353387,2.367326983829529
-0.7381901735287926,0.07252354402275407,4.220006591729876,4.6841848387529845,2.3675143268998813,-1.999634583608226,-4.220096318486079,-2.195865742353387,2.367326983829529
-0.7505270616164799,-0.07901131568296095,4.442920674775269,4.6841848387529845,2.362565221840045,-1.999634583608226,-4.220096318486079,-2.195865742353387,2.367326983829529
-0.7657797929648688,0.06937972968137943,4.74193769147344,4.6841848387529845,2.362565221840045,-1.9928110913927042,-4.220096318486079,-2.195865742353387,2.367326983829529
-0.7409447721765859,-0.13919459830143835,4.705022120748458,4.6841848387529845,2.362565221840045,-1.9928110913927042,-4.205431801302076,-2.195865742353387,2.367326983829529
-0.7651414119414853,0.07959367365871978,4.716845268908237,4.6841848387529845,2.362565221840045,-1.9928110913927042,-4.205431801302076,-2.185875743544851,2.367326983829529
-0.7465079078447562,0.08178744102552059,4.402296207075362,4.6841848387529845,2.362565221840045,-1.9928110913927042,-4.205431801302076,-2.185875743544851,2.362401384630709
-0.7542156933029045,0.07413350836131101,4.193315196080485,4.669082945765456,2.362565221840045,-1.9928110913927042,-4.205431801302076,-2.185875743544851,2.362401384630709
-0.7676782063541648,-0.08074166933871413,4.42389902608562,4.669082945765456,2.357533732376773,-1.9928110913927042,-4.205431801302076,-2.185875743544851,2.362401384630709
-0.7844750338504061,0.07122422621786548,4.733871064610173,4.669082945765456,2.357533732376773,-1.9857909121203263,-4.205431801302076,-2.185875743544851,2.362401384630709
-0.7595141868981244,-0.1427167682353336,4.702077271463193,4.669082945765456,2.357533732376773,-1.9857909121203263,-4.19039633834163,-2.185875743544851,2.362401384630709
-0.7837366729791421,0.0814169631132983,4.7073653050742195,4.669082945765456,2.357533732376773,-1.9857909121203263,-4.19039633834163,-2.1756221294303404,2.362401384630709
-0.7634093425641693,0.08356825140728356,4.381200289175306,4.669082945765456,2.357533732376773,-1.9857909121203263,-4.19039633834163,-2.1756221294303404,2.357391655076966
-0.7701061597315211,0.07573223638643214,4.166307397302632,4.653661972041984,2.357533732376773,-1.9857909121203263,-4.19039633834163,-2.1756221294303404,2.357391655076966
-0.7847327679164817,-0.08246415889887398,4.404586397954086,4.653661972041984,2.352422073349152,-1.9857909121203263,-4.19039633834163,-2.1756221294303404,2.357391655076966
-0.8031283186790333,0.07306584238161097,4.725475618985731,4.653661972041984,2.352422073349152,-1.978572845449105,-4.19039633834163,-2.1756221294303404,2.357391655076966
-0.7780669253317045,-0.14623668052435074,4.698758596920488,4.653661972041984,2.352422073349152,-1.978572845449105,-4.174990033979101,-2.1756221294303404,2.357391655076966
-0.8022827586512027,0.08323647722972213,4.697508054800138,4.653661972041984,2.352422073349152,-1.978572845449105,-4.174990033979101,-2.1651045193196565,2.357391655076966
-0.7802032951119339,0.08534061932759886,4.359761938852276,4.653661972041984,2.352422073349152,-1.978572845449105,-4.174990033979101,-2.1651045193196565,2.3522998576983025
-0.7858600058156252,0.07731959684018708,4.138986038511519,4.637924594447443,2.352422073349152,-1.978572845449105,-4.174990033979101,-2.1651045193196565,2.3522998576983025
-0.8016893005768966,-0.08417866604306459,4.3849848742557676,4.637924594447443,2.3472324678291945,-1.978572845449105,-4.174990033979101,-2.1651045193196565,2.3522998576983025
-0.821738007839709,0.07490445414032271,4.716752076561186,4.637924594447443,2.3472324678291945,-1.9711557081140054,-4.174990033979101,-2.1651045193196565,2.3522998576983025
-0.7966011181492391,-0.14975405618191684,4.695066442244233,4.637924594447443,2.3472324678291945,-1.9711557081140054,-4.15921302652146,-2.1651045193196565,2.3522998576983025
-0.820777786928397,0.0850520646090061,4.687274467745884,4.637924594447443,2.3472324678291945,-1.9711557081140054,-4.15921302652146,-2.1543225640718724,2.3522998576983025
-0.7968880629840693,0.08710441504977377,4.337983317561809,4.637924594447443,2.3472324678291945,-1.9711557081140054,-4.15921302652146,-2.1543225640718724,2.3471280603565075
-0.8014756789638772,0.07889545930250302,4.111353996919852,4.6218735202992125,2.3472324678291945,-1.9711557081140054,-4.15921302652146,-2.1543225640718724,2.3471280603565075
-0.8185463691545471,-0.0858850729111783,4.365096569107623,4.6218735202992125,2.341967147010323,-1.9711557081140054,-4.15921302652146,-2.1543225640718724,2.3471280603565075
-0.8403024655025628,0.0767399376849489,4.7077011916813465,4.6218735202992125,2.341967147010323,-1.9635383340577464,-4.15921302652146,-2.1543225640718724,2.3471280603565075
-0.8151148979184749,-0.1532686163548439,4.691001191012757,4.6218735202992125,2.341967147010323,-1.9635383340577464,-4.1430654882814455,-2.1543225640718724,2.3471280603565075
-0.839219880725219,0.08686357420077764,4.676665532835283,4.6218735202992125,2.341967147010323,-1.9635383340577464,-4.1430654882814455,-2.1432759460451023,2.3471280603565075
-0.8134619546336587,0.08885950985846337,4.315866622909152,4.6218735202992125,2.341967147010323,-1.9635383340577464,-4.1430654882814455,-2.1432759460451023,2.3418783361977895
-0.8169516411626293,0.08045969421600582,4.083414183629068,4.605511487139745,2.341967147010323,-1.9635383340577464,-4.1430654882814455,-2.1432759460451023,2.3418783361977895
-0.8353025491639855,-0.08758326216034651,4.344923626695544,4.605511487139745,2.336628350099199,-1.9635383340577464,-4.1430654882814455,-2.1432759460451023,2.3418783361977895
-0.8588200597804001,0.07857216957583396,4.698323750985955,4.605511487139745,2.336628350099199,-1.9557195745627403,-4.1430654882814455,-2.1432759460451023,2.3418783361977895
-0.8336063992944677,-0.15678008261449522,4.686563265216851,4.605511487139745,2.336628350099199,-1.9557195745627403,-4.126547625649382,-2.1432759460451023,2.3418783361977895
-0.8576071680958581,0.08867085530852273,4.665682278162966,4.605511487139745,2.336628350099199,-1.9557195745627403,-4.126547625649382,-2.1319643790429126,2.3418783361977895
-0.8299232896496689,0.09060577608134272,4.293414088461924,4.605511487139745,2.336628350099199,-1.9557195745627403,-4.126547625649382,-2.1319643790429126,2.3365527636096717
-0.8322863691449208,0.08201217288803761,4.05516954342059,4.588841262508877,2.336628350099199,-1.9557195745627403,-4.126547625649382,-2.1319643790429126,2.3365527636096717
-0.8519564269639613,-0.08927311696025235,4.324468221099369,4.588841262508877,2.33121832420989,-1.9557195745627403,-4.126547625649382,-2.1319643790429126,2.3365527636096717
-0.8772891628899112,0.08040102675046297,4.688620573317627,4.588841262508877,2.33121832420989,-1.947698298381782,-4.126547625649382,-2.1319643790429126,2.3365527636096717
-0.8520737592109457,-0.16028817697845288,4.681753125214144,4.588841262508877,2.33121832420989,-1.947698298381782,-4.109659679163424,-2.1319643790429126,2.3365527636096717
-0.8759377824296521,0.09047375760017601,4.65432577089803,4.588841262508877,2.33121832420989,-1.947698298381782,-4.109659679163424,-2.120387608257258,2.3365527636096717
-0.8462703989347854,0.09234308711081993,4.270627983560692,4.588841262508877,2.33121832420989,-1.947698298381782,-4.109659679163424,-2.120387608257258,2.3311534261823312
-0.8474783545584479,0.08355276749308901,4.02662305454737,4.571865643716032,2.33121832420989,-1.947698298381782,-4.109659679163424,-2.120387608257258,2.3311534261823312
-0.8685065999053012,-0.09095452099002946,4.3037325561158335,4.571865643716032,2.325739324260506,-1.947698298381782,-4.109659679163424,-2.120387608257258,2.3311534261823312
-0.8957081513124028,0.08222638653662698,4.678592509626493,4.571865643716032,2.325739324260506,-1.9394733918675477,-4.109659679163424,-2.120387608257258,2.3311534261823312
-0.870515117071415,-0.16379262194266614,4.676571269679862,4.571865643716032,2.325739324260506,-1.9394733918675477,-4.092401923578263,-2.120387608257258,2.3311534261823312
-0.8942098626460421,0.09227213111828393,4.642597117184507,4.571865643716032,2.325739324260506,-1.9394733918675477,-4.092401923578263,-2.1085454102079093,2.3311534261823312
-0.8625016248822458,0.09407131742603111,4.247510613127535,4.571865643716032,2.325739324260506,-1.9394733918675477,-4.092401923578263,-2.1085454102079093,2.3256824126745888
-0.8625261041325141,0.08508135107464762,3.9977777285258904,4.554587457612527,2.325739324260506,-1.9394733918675477,-4.092401923578263,-2.1085454102079093,2.3256824126745888
-0.8849516764778668,-0.09262735843423593,4.282718865079559,4.554587457612527,2.320193612872412,-1.9394733918675477,-4.092401923578263,-2.1085454102079093,2.3256824126745888
-0.9140754059540391,0.08404812666550876,4.668240442871581,4.554587457612527,2.320193612872412,-1.9310437591008756,-4.092401923578263,-2.1085454102079093,2.3256824126745888
-0.8889286149399871,-0.1672931405133507,4.671018235553918,4.554587457612527,2.320193612872412,-1.9310437591008756,-4.074774667932312,-2.1085454102079093,2.3256824126745888
-0.9124215533890107,0.09406582628994999,4.630497462038654,4.554587457612527,2.320193612872412,-1.9310437591008756,-4.074774667932312,-2.0964375926783516,2.3256824126745888
-0.8786153215516634,0.09579034261511206,4.224064317472673,4.554587457612527,2.320193612872412,-1.9310437591008756,-4.074774667932312,-2.0964375926783516,2.3201418169847527
-0.8774281398439633,0.08659779754639867,3.9686366099288635,4.537009560364161,2.320193612872412,-1.9310437591008756,-4.074774667932312,-2.0964375926783516,2.3201418169847527
-0.9012902764565848,-0.09429151397782895,4.261429410682103,4.537009560364161,2.314583460272103,-1.9310437591008756,-4.074774667932312,-2.0964375926783516,2.3201418169847527
-0.9323893123055786,0.0858661252847424,4.6575652879189215,4.537009560364161,2.314583460272103,-1.9224083220178017,-4.074774667932312,-2.0964375926783516,2.3201418169847527
-0.9073123977319132,-0.17078945623891062,4.665094597984385,4.537009560364161,2.314583460272103,-1.9224083220178017,-4.056778255613393,-2.0964375926783516,2.3201418169847527
-0.9305710052209917,0.09585469393655477,4.618027989243105,4.537009560364161,2.314583460272103,-1.9224083220178017,-4.056778255613393,-2.084063994648111,2.3201418169847527
-0.8946098548438273,0.09750003939784212,4.200291472099276,4.537009560364161,2.314583460272103,-1.9224083220178017,-4.056778255613393,-2.084063994648111,2.314533738126541
-0.8921829990821024,0.0881019816928142,3.9392027761788566,4.519134837224305,2.314583460272103,-1.9224083220178017,-4.056778255613393,-2.084063994648111,2.314533738126541
-0.9175210310465363,-0.09594687280014919,4.23986648478913,4.519134837224305,2.308911144195852,-1.9224083220178017,-4.056778255613393,-2.084063994648111,2.314533738126541
-0.950648260601588,0.08768026097154162,4.646567991436405,4.519134837224305,2.308911144195852,-1.9135660205353222,-4.056778255613393,-2.084063994648111,2.314533738126541
-0.9256646134038063,-0.1742812932418502,4.658800970267307,4.519134837224305,2.308911144195852,-1.9135660205353222,-4.038413064422972,-2.084063994648111,2.314533738126541
-0.9486563748162328,0.09763858528319429,4.605189921237866,4.519134837224305,2.308911144195852,-1.9135660205353222,-4.038413064422972,-2.07142448622149,2.314533738126541
-0.9104836026744689,0.09920028564860273,4.176194487506488,4.519134837224305,2.308911144195852,-1.9135660205353222,-4.038413064422972,-2.07142448622149,2.3088602802103124
-0.9067892348126186,0.08959377916904067,3.909479337343101,4.500966202307716,2.308911144195852,-1.9135660205353222,-4.038413064422972,-2.07142448622149,2.3088602802103124
-0.933642583027095,-0.0975933205678172,4.2180324082557625,4.500966202307716,2.303178949797238,-1.9135660205353222,-4.038413064422972,-2.07142448622149,2.3088602802103124
-0.9688506459791191,0.08949041274587433,4.635249531785362,4.500966202307716,2.303178949797238,-1.9045158126758561,-4.038413064422972,-2.07142448622149,2.3088602802103124
-0.9439834131435317,-0.17776837625081904,4.652138003782878,4.500966202307716,2.303178949797238,-1.9045158126758561,-4.019679506638948,-2.07142448622149,2.3088602802103124
-0.9666758251535956,0.09941735196789828,4.591984519008226,4.500966202307716,2.303178949797238,-1.9045158126758561,-4.019679506638948,-2.0585189685526757,2.3088602802103124
-0.9262349551469854,0.10089096041975623,4.1517758089908225,4.500966202307716,2.303178949797238,-1.9045158126758561,-4.019679506638948,-2.0585189685526757,2.3031235524298457
-0.921245415740501,0.09107306650011304,3.8794694359297286,4.482506598365311,2.303178949797238,-1.9045158126758561,-4.019679506638948,-2.0585189685526757,2.3031235524298457
-0.9496535868951065,-0.09923074342650373,4.195929530740164,4.482506598365311,2.2973891695576616,-1.9045158126758561,-4.019679506638948,-2.0585189685526757,2.3031235524298457
-0.9869948686358311,0.09129646008367348,4.62361091890891,4.482506598365311,2.2973891695576616,-1.89525667469038,-4.019679506638948,-2.0585189685526757,2.3031235524298457
-0.962266951559747,-0.1812504306326359,4.645106387927978,4.482506598365311,2.2973891695576616,-1.89525667469038,-4.00057802907704,-2.0585189685526757,2.3031235524298457
-0.9846275257087813,0.10119084605050467,4.578413081969557,4.482506598365311,2.2973891695576616,-1.89525667469038,-4.00057802907704,-2.0453473737671906,2.3031235524298457
-0.9418623147241068,0.102571943965393,4.127037916445974,4.482506598365311,2.2973891695576616,-1.89525667469038,-4.00057802907704,-2.0453473737671906,2.2973256690549264
-0.9355501264719731,0.09253972107939562,3.8491762466857375,4.463758996560154,2.2973891695576616,-1.89525667469038,-4.00057802907704,-2.0453473737671906,2.2973256690549264
-0.9655527090070957,-0.10085902799144669,4.173560230515414,4.463758996560154,2.2915441031999557,-1.89525667469038,-4.00057802907704,-2.0453473737671906,2.2973256690549264
-1.0050793339875443,0.09309828293007866,4.611653194217036,4.463758996560154,2.2915441031999557,-1.8857876011802075,-4.00057802907704,-2.0453473737671906,2.2973256690549264
-0.980513386871074,-0.18472718242441816,4.637706850045057,4.463758996560154,2.2915441031999557,-1.8857876011802075,-3.9811091131508074,-2.0453473737671906,2.2973256690549264
-1.0025096526459611,0.10295892002128453,4.564476947849072,4.463758996560154,2.2915441031999557,-1.8857876011802075,-3.9811091131508074,-2.0319096648796595,2.2973256690549264
-0.9573640963984985,0.10424311776556539,4.10198332416118,4.463758996560154,2.2915441031999557,-1.8857876011802075,-3.9811091131508074,-2.0319096648796595,2.2914687494300066
-0.9497019676754513,0.09399362116626343,3.818602976396961,4.4447263962449375,2.2915441031999557,-1.8857876011802075,-3.9811091131508074,-2.0319096648796595,2.2914687494300066
-0.9813386277204958,-0.10247806133669857,4.150926914279743,4.4447263962449375,2.2856460576052204,-1.8857876011802075,-3.9811091131508074,-2.0319096648796595,2.2914687494300066
-1.0231024528252055,0.09489576171274626,4.5993774304684525,4.4447263962449375,2.2856460576052204,-1.8761076052173855,-3.9811091131508074,-2.0319096648796595,2.2914687494300066
-0.998720881094884,-0.18819835836570573,4.629940155347404,4.4447263962449375,2.2856460576052204,-1.8761076052173855,-3.961273274930315,-2.0319096648796595,2.2914687494300066
-1.020320389008801,0.10472142680920801,4.550177492564526,4.4447263962449375,2.2856460576052204,-1.8761076052173855,-3.961273274930315,-2.0182058357078585,2.2914687494300066
-0.972738727862291,0.10590436455097639,4.076614580618231,4.4447263962449375,2.2856460576052204,-1.8761076052173855,-3.961273274930315,-2.0182058357078585,2.2855549179792187
-0.9636995562415367,0.0954346458829662,3.7877528636903643,4.425411824741241,2.2856460576052204,-1.8761076052173855,-3.961273274930315,-2.0182058357078585,2.2855549179792187
-0.9970100335338881,-0.10408773098298259,4.128032016965167,4.425411824741241,2.2796973467329904,-1.8761076052173855,-3.961273274930315,-2.0182058357078585,2.2855549179792187
-1.0410626414712536,0.09668877735522034,4.586784731649212,4.425411824741241,2.2796973467329904,-1.8662157184636803,-3.961273274930315,-2.0182058357078585,2.2855549179792187
-1.016887600235676,-0.19166368593070718,4.6218071068407465,4.425411824741241,2.2796973467329904,-1.8662157184636803,-3.9410710651995062,-2.0182058357078585,2.2855549179792187
-1.0380579249108637,0.10647821978987779,4.5355161300999205,4.425411824741241,2.2796973467329904,-1.8662157184636803,-3.9410710651995062,-2.004235910783016,2.2855549179792187
-0.9879846496755237,0.10755556832821288,4.050934268287232,4.425411824741241,2.2796973467329904,-1.8662157184636803,-3.9410710651995062,-2.004235910783016,2.2795863042180446
-0.9775415254420589,0.09686267521061329,3.7566291788389985,4.4058183371208735,2.2796973467329904,-1.8662157184636803,-3.9410710651995062,-2.004235910783016,2.2795863042180446
-1.012565629226243,-0.1056879248840458,4.10487800154462,4.4058183371208735,2.2737002915448676,-1.8662157184636803,-3.9410710651995062,-2.004235910783016,2.2795863042180446
-1.0589583219353655,0.0984772112903118,4.573876232848096,4.4058183371208735,2.2737002915448676,-1.856110991288123,-3.9410710651995062,-2.004235910783016,2.2795863042180446
-1.03501171447303,-0.1951228933605431,4.613308545241245,4.4058183371208735,2.2737002915448676,-1.856110991288123,-3.920503069512302,-2.004235910783016,2.2795863042180446
-1.055720457725373,0.10822915279310594,4.520494312378223,4.4058183371208735,2.2737002915448676,-1.856110991288123,-3.920503069512302,-1.989999945256339,2.2795863042180446
-1.0031003154334972,0.10919661440551025,4.024945003421247,4.4058183371208735,2.2737002915448676,-1.856110991288123,-3.920503069512302,-1.989999945256339,2.2735650427719483
-0.9912265250881838,0.09827758998426334,3.7252352235699586,4.385949015989648,2.2737002915448676,-1.856110991288123,-3.920503069512302,-1.989999945256339,2.2735650427719483
-1.0280041299951557,-0.10727853141145373,4.081467358837619,4.385949015989648,2.267657219931742,-1.856110991288123,-3.920503069512302,-1.989999945256339,2.2735650427719483
-1.0767879220695704,0.10026094547357835,4.560653100128775,4.385949015989648,2.267657219931742,-1.84579249288309,-3.920503069512302,-1.989999945256339,2.2735650427719483
-1.0530913983491188,-0.19857570969558913,4.604445348889827,4.385949015989648,2.267657219931742,-1.84579249288309,-3.899569908247467,-1.989999945256339,2.2735650427719483
-1.0733061922743266,0.1099740801101017,4.505113529131126,4.385949015989648,2.267657219931742,-1.84579249288309,-3.899569908247467,-1.975498024801727,2.2735650427719483
-1.0180841919330248,0.11082738941914658,3.9986494358499383,4.385949015989648,2.267657219931742,-1.84579249288309,-3.899569908247467,-1.975498024801727,2.2674932734023057
-1.004753221687606,0.09967927188706946,3.6935743308757374,4.36580697127393,2.267657219931742,-1.84579249288309,-3.899569908247467,-1.975498024801727,2.2674932734023057
-1.0433242635940658,-0.10885943933769464,4.057802607314543,4.36580697127393,2.2615704666447383,-1.84579249288309,-3.899569908247467,-1.975498024801727,2.2674932734023057
-1.09454987572271,0.10203986239684586,4.547116530398764,4.36580697127393,2.2615704666447383,-1.8352593113788842,-3.899569908247467,-1.975498024801727,2.2674932734023057
-1.071124830955756,-0.20202186480786316,4.5952184336629145,4.36580697127393,2.2615704666447383,-1.8352593113788842,-3.878272236662287,-1.975498024801727,2.2674932734023057
-1.0908133410169418,0.11171285650022324,4.4893753077658936,4.36580697127393,2.2615704666447383,-1.8352593113788842,-3.878272236662287,-1.9607302655146492,2.2674932734023057
-1.032934759337573,0.11244778136048264,3.9720502487723435,4.36580697127393,2.2615704666447383,-1.8352593113788842,-3.878272236662287,-1.9607302655146492,2.2613731410399764
-1.0181202986008449,0.10106760344338643,3.6616498648293456,4.345395340010348,2.2615704666447383,-1.8352593113788842,-3.878272236662287,-1.9607302655146492,2.2613731410399764
-1.0585247704684528,-0.11043053781745524,4.033886292899607,4.345395340010348,2.2554423732300233,-1.8352593113788842,-3.878272236662287,-1.9607302655146492,2.2613731410399764
-1.1122426228942395,0.10381384510178035,4.533267751275163,4.345395340010348,2.2554423732300233,-1.8245105539567945,-3.878272236662287,-1.9607302655146492,2.2613731410399764
-1.089110196120964,-0.20546108943348576,4.585628752879509,4.345395340010348,2.2554423732300233,-1.8245105539567945,-3.8566107449450966,-1.9607302655146492,2.2613731410399764
-1.1082401242374205,0.11344533719733138,4.473281213229313,4.345395340010348,2.2554423732300233,-1.8245105539567945,-3.8566107449450966,-1.9456968138071482,2.2613731410399764
-1.0476505113412895,0.1140576796037141,3.945150158548903,4.345395340010348,2.2554423732300233,-1.8245105539567945,-3.8566107449450966,-1.9456968138071482,2.2552067958268873
-1.0313264561966629,0.10244246801083393,3.6294652204036515,4.324717286139085,2.2554423732300233,-1.8245105539567945,-3.8566107449450966,-1.9456968138071482,2.2552067958268873
-1.0736044038910013,-0.11199171636697752,4.009720988772581,4.324717286139085,2.249275287967616,-1.8245105539567945,-3.8566107449450966,-1.9456968138071482,2.2552067958268873
-1.1298646098873408,0.10558277719356791,4.519108020947199,4.324717286139085,2.249275287967616,-1.8135453469605995,-3.8566107449450966,-1.9456968138071482,2.2552067958268873
-1.1070456825950414,-0.20889311520521586,4.575677297204656,4.324717286139085,2.249275287967616,-1.8135453469605995,-3.8345861582667,-1.9456968138071482,2.2552067958268873
-1.125584770232019,0.11517137791564301,4.456832847868788,4.324717286139085,2.249275287967616,-1.8135453469605995,-3.8345861582667,-1.930397846298942,2.2552067958268873
-1.0622299553319008,0.11565697493438704,3.9179519144929005,4.324717286139085,2.249275287967616,-1.8135453469605995,-3.8345861582667,-1.930397846298942,2.2489963931660153
-1.0443704120066364,0.1038037497712358,3.5970238232953817,4.303776000301176,2.249275287967616,-1.8135453469605995,-3.8345861582667,-1.930397846298942,2.2489963931660153
-1.0885619300957274,-0.11354286484133295,3.9853092951693516,4.303776000301176,2.243071565814348,-1.8135453469605995,-3.8345861582667,-1.930397846298942,2.2489963931660153
-1.1474142894613424,0.10734654285461527,4.504638628035563,4.303776000301176,2.243071565814348,-1.802362836006489,-3.8345861582667,-1.930397846298942,2.2489963931660153
-1.124929484236115,-0.2123176746850613,4.565365094549303,4.303776000301176,2.243071565814348,-1.802362836006489,-3.8121992368307316,-1.930397846298942,2.2489963931660153
-1.1428455154954074,0.11689083485510718,4.4400318512906125,4.303776000301176,2.243071565814348,-1.802362836006489,-3.8121992368307316,-1.914833569704589,2.2489963931660153
-1.0766716125524856,0.11724555957872763,3.8904582986614704,4.303776000301176,2.243071565814348,-1.802362836006489,-3.8121992368307316,-1.914833569704589,2.2427440937801784
-1.0572509008789,0.10515133372035806,3.5643291297542605,4.282574699640309,2.243071565814348,-1.802362836006489,-3.8121992368307316,-1.914833569704589,2.2427440937801784
-1.1033961284110576,-0.11508387340945903,3.960653839181388,4.282574699640309,2.236833568351128,-1.802362836006489,-3.8121992368307316,-1.914833569704589,2.2427440937801784
-1.1648901209834255,0.10910502685836714,4.489860891448585,4.282574699640309,2.236833568351128,-1.790962186091373,-3.8121992368307316,-1.914833569704589,2.2427440937801784
-1.1427598001951516,-0.21573450139695102,4.55469320996652,4.282574699640309,2.236833568351128,-1.790962186091373,-3.789450775923006,-1.914833569704589,2.2427440937801784
-1.1600206049063078,0.11860356470624651,4.4228799002154595,4.282574699640309,2.236833568351128,-1.790962186091373,-3.789450775923006,-1.8990042207166855,2.2427440937801784
-1.0909740182621077,0.11882332723389828,3.862672125646297,4.282574699640309,2.236833568351128,-1.790962186091373,-3.789450775923006,-1.8990042207166855,2.23645206378007
-1.0699666751310961,0.10648510565640082,3.5313846264178164,4.261116627609613,2.236833568351128,-1.790962186091373,-3.789450775923006,-1.8990042207166855,2.23645206378007
-1.1181057913918537,-0.11661463252681484,3.935757274554208,4.261116627609613,2.230563663734664,-1.790962186091373,-3.789450775923006,-1.8990042207166855,2.23645206378007
-1.1822905705796014,0.11085811458319558,4.474776160235207,4.261116627609613,2.230563663734664,-1.7793425816995474,-3.789450775923006,-1.8990042207166855,2.23645206378007
-1.1605348351004159,-0.21914332985952797,4.543662745544128,4.261116627609613,2.230563663734664,-1.7793425816995474,-3.7663416059599015,-1.8990042207166855,2.23645206378007
-1.1771082919123936,0.12030942465443638,4.40537870833112,4.261116627609613,2.230563663734664,-1.7793425816995474,-3.7663416059599015,-1.88291006588506,2.23645206378007
-1.1051357218953082,0.1203901730991821,3.8345962423642095,4.261116627609613,2.230563663734664,-1.7793425816995474,-3.7663416059599015,-1.88291006588506,2.230122474741995
-1.0825165047025602,0.10780495216714896,3.4981938301523954,4.239405053784017,2.230563663734664,-1.7793425816995474,-3.7663416059599015,-1.88291006588506,2.230122474741995
-1.1326897249503798,-0.11813503290546783,3.9106222814849088,4.239405053784017,2.2242642266538106,-1.7793425816995474,-3.7663416059599015,-1.88291006588506,2.230122474741995
-1.1996141112849448,0.11260569202637638,4.459385813434791,4.239405053784017,2.2242642266538106,-1.767503226907689,-3.7663416059599015,-1.88291006588506,2.230122474741995
-1.178252799241355,0.2537662207659962,4.532274840293714,4.239405053784017,2.2242642266538106,-1.767503226907689,-3.7426775999657296,-1.88291006588506,2.230122474741995
-1.1941068387144398,0.1266524619200085,4.387530026142536,4.239405053784017,2.2242642266538106,-1.767503226907689,-3.7426775999657296,-1.8664773397042753,2.230122474741995
-1.119155287220449,0.24397306766004082,3.806233527847829,4.239405053784017,2.2242642266538106,-1.767503226907689,-3.7426775999657296,-1.8664773397042753,2.2260099897992744
-1.0948991773057788,0.11023382647580122,3.4647602879009836,4.217442474209451,2.2242642266538106,-1.767503226907689,-3.7426775999657296,-1.8664773397042753,2.2260099897992744
-1.1471467484862001,-0.11963227169904542,3.885251566418869,4.217442474209451,2.217937402690332,-1.767503226907689,-3.7426775999657296,-1.8664773397042753,2.2260099897992744
-1.2168592231930677,0.11903547415701134,4.44369125992377,4.217442474209451,2.217937402690332,-1.7555202120754818,-3.7426775999657296,-1.8664773397042753,2.2260099897992744
-1.1959098688429939,-0.244795840406746,4.520526918436165,4.217442474209451,2.217937402690332,-1.7555202120754818,-3.718868186756189,-1.8664773397042753,2.2260099897992744
-1.2110142545215634,0.12483470980797005,4.3693354689709984,4.217442474209451,2.217937402690332,-1.7555202120754818,-3.718868186756189,-1.8498368022014027,2.2260099897992744
-1.1330308309874362,0.24214651430744671,3.7775826474499357,4.217442474209451,2.217937402690332,-1.7555202120754818,-3.718868186756189,-1.8498368022014027,2.2217892381528697
-1.1071135329434012,0.1114755814864674,3.431087605949834,4.195233007221464,2.217937402690332,-1.7555202120754818,-3.718868186756189,-1.8498368022014027,2.2217892381528697
-1.161475695287832,-0.12109141307173278,3.859647862457819,4.195233007221464,2.2115850692212855,-1.7555202120754818,-3.718868186756189,-1.8498368022014027,2.2217892381528697
-1.234024742502127,0.11579858315775896,4.427694170657066,4.195233007221464,2.2115850692212855,-1.7432339180139393,-3.718868186756189,-1.8498368022014027,2.2217892381528697
-1.2135126595511387,0.2622092757512134,4.508423885553951,4.195233007221464,2.2115850692212855,-1.7432339180139393,-3.694499948090073,-1.8498368022014027,2.2217892381528697
-1.2278294489966735,0.1315225024046027,4.35079694268984,4.195233007221464,2.2115850692212855,-1.7432339180139393,-3.694499948090073,-1.8328529922860142,2.2217892381528697
-1.1467656535174304,0.24542422765133184,3.748644270850542,4.195233007221464,2.2115850692212855,-1.7432339180139393,-3.694499948090073,-1.8328529922860142,2.2175567598725174
-1.1191583312575422,0.11277349547092354,3.3971793757214623,4.172779948820869,2.2115850692212855,-1.7432339180139393,-3.694499948090073,-1.8328529922860142,2.2175567598725174
-1.1756754121008657,-0.12262397714260574,3.833813930035838,4.172779948820869,2.2052111877861047,-1.7432339180139393,-3.694499948090073,-1.8328529922860142,2.2175567598725174
-1.2511082149505668,0.12264228997372222,4.4113957094921155,4.172779948820869,2.2052111877861047,-1.7308091907552479,-3.694499948090073,-1.8328529922860142,2.2175567598725174
-1.231046053289323,-0.252127557347117,4.4959626006990465,4.172779948820869,2.2052111877861047,-1.7308091907552479,-3.6699862516479076,-1.8328529922860142,2.2175567598725174
-1.2445499309639363,0.12815946750283058,4.331916155245871,4.172779948820869,2.2052111877861047,-1.7308091907552479,-3.6699862516479076,-1.8156864366839254,2.2175567598725174
-1.1603540183577554,0.24830239500211376,3.719421267746267,4.172779948820869,2.2052111877861047,-1.7308091907552479,-3.6699862516479076,-1.8156864366839254,2.2133069058438988
-1.1310324463603736,0.11405136780414823,3.36303923612805,4.15008667381868,2.2052111877861047,-1.7308091907552479,-3.6699862516479076,-1.8156864366839254,2.2133069058438988
-1.1897447564182788,-0.12405631965423962,3.807752551502698,4.15008667381868,2.1988164907455015,-1.7308091907552479,-3.6699862516479076,-1.8156864366839254,2.2133069058438988
-1.2681093734164788,0.11923875419202658,4.394797693474028,4.15008667381868,2.1988164907455015,-1.7180774516742596,-3.6699862516479076,-1.8156864366839254,2.2133069058438988
-1.2485224906323846,0.26985880175357185,4.483148719130734,4.15008667381868,2.1988164907455015,-1.7180774516742596,-3.644919477758793,-1.8156864366839254,2.2133069058438988
-1.2611748770245066,0.13504858346299908,4.312695137564775,4.15008667381868,2.1988164907455015,-1.7180774516742596,-3.644919477758793,-1.7981742061358752,2.2133069058438988
-1.1737946619284891,0.25135039677540477,3.689916503486285,4.15008667381868,2.1988164907455015,-1.7180774516742596,-3.644919477758793,-1.7981742061358752,2.2090445907617835
-1.1427347366264655,0.11531733994130659,3.3286708539741356,4.127156576081658,2.1988164907455015,-1.7180774516742596,-3.644919477758793,-1.7981742061358752,2.2090445907617835
-1.2036826088774872,-0.12556840166196717,3.7814665379876136,4.127156576081658,2.192405077801941,-1.7180774516742596,-3.644919477758793,-1.7981742061358752,2.2090445907617835
-1.2850254611189957,0.12621117972028492,4.377901323561656,4.127156576081658,2.192405077801941,-1.705207861052928,-3.644919477758793,-1.7981742061358752,2.2090445907617835
-1.2659256281208369,0.2528587615380471,4.469978931318524,4.127156576081658,2.192405077801941,-1.705207861052928,-3.619507755142284,-1.7981742061358752,2.2090445907617835
-1.2777016477092078,0.13649222744394793,4.2931356795914155,4.127156576081658,2.192405077801941,-1.705207861052928,-3.619507755142284,-1.7804035463839554,2.2090445907617835
-1.187086179689002,0.25427409838729265,3.6601328743431725,4.127156576081658,2.192405077801941,-1.705207861052928,-3.619507755142284,-1.7804035463839554,2.2047692616045187
-1.1542640812226528,0.11656686886003158,3.2940779257378376,4.1039930781273775,2.192405077801941,-1.705207861052928,-3.619507755142284,-1.7804035463839554,2.2047692616045187
-1.217487851923606,-0.12697784717524707,3.7549587224417604,4.1039930781273775,2.185977649592809,-1.705207861052928,-3.619507755142284,-1.7804035463839554,2.2047692616045187
-1.3018562857173988,0.12767359350257892,4.360708488183727,4.1039930781273775,2.185977649592809,-1.6921094304065563,-3.619507755142284,-1.7804035463839554,2.2047692616045187
-1.2832654387908118,0.25718005436387653,4.456453958618562,4.1039930781273775,2.185977649592809,-1.6921094304065563,-3.593744676184816,-1.7804035463839554,2.2047692616045187
-1.294129244398926,0.1382422523922891,4.273239702533919,4.1039930781273775,2.185977649592809,-1.6921094304065563,-3.593744676184816,-1.7623699432381639,2.2047692616045187
-1.200227196960386,0.2571843694491455,3.6300733036800366,4.1039930781273775,2.185977649592809,-1.6921094304065563,-3.593744676184816,-1.7623699432381639,2.200482424482985
-1.1656193776172499,0.11780254822255244,3.259264177195482,4.080599625279138,2.185977649592809,-1.6921094304065563,-3.593744676184816,-1.7623699432381639,2.200482424482985
-1.2311593949768176,-0.1284256082578917,3.728231966273655,4.080599625279138,2.179537552886741,-1.6921094304065563,-3.593744676184816,-1.7623699432381639,2.200482424482985
-1.3185994414353837,0.12944838888559274,4.343220685989521,4.080599625279138,2.179537552886741,-1.6787867043204094,-3.593744676184816,-1.7623699432381639,2.200482424482985
-1.3005361223808531,0.2606499365189627,4.442575426441122,4.080599625279138,2.179537552886741,-1.6787867043204094,-3.5676318213664646,-1.7623699432381639,2.200482424482985
-1.3104557755161907,0.1399698418270762,4.253009204232135,4.080599625279138,2.179537552886741,-1.6787867043204094,-3.5676318213664646,-1.7440741521869836,2.200482424482985
-1.2132163458471577,0.26007099248141696,3.599740746124693,4.080599625279138,2.179537552886741,-1.6787867043204094,-3.5676318213664646,-1.7440741521869836,2.1961853910391222
-1.1767995423176996,0.1190228864752514,3.224233363485818,4.0569796889204595,2.179537552886741,-1.6787867043204094,-3.5676318213664646,-1.7440741521869836,2.1961853910391222
-1.244696149829657,-0.12985841133897652,3.701289154369298,4.0569796889204595,2.1730871439462502,-1.6787867043204094,-3.5676318213664646,-1.7440741521869836,2.1961853910391222
-1.335253762959867,0.13120184482740327,4.3254395406423995,4.0569796889204595,2.1730871439462502,-1.6652387806138713,-3.5676318213664646,-1.7440741521869836,2.1961853910391222
-1.3177356160913378,0.2641412897770359,4.428344567505245,4.0569796889204595,2.1730871439462502,-1.6652387806138713,-3.5411704896205043,-1.7440741521869836,2.1961853910391222
-1.3266795906511357,0.14168976521882937,4.232446218956248,4.0569796889204595,2.1730871439462502,-1.6652387806138713,-3.5411704896205043,-1.725516720111471,2.1961853910391222
-1.2260522764629642,0.2629344139078194,3.5691381847307797,4.0569796889204595,2.1730871439462502,-1.6652387806138713,-3.5411704896205043,-1.725516720111471,2.1918794770562173
-1.1878035106755276,0.12022827495485587,3.188989268958526,4.033136764803024,2.1730871439462502,-1.6652387806138713,-3.5411704896205043,-1.725516720111471,2.1918794770562173
-1.258097050857093,-0.1312800798453178,3.6741331958519763,4.033136764803024,2.1666288592177123,-1.6652387806138713,-3.5411704896205043,-1.725516720111471,2.1918794770562173
-1.3518177758263048,0.1329490462644418,4.307366693791981,4.033136764803024,2.1666288592177123,-1.651465026053968,-3.5411704896205043,-1.725516720111471,2.1918794770562173
-1.3348621763330621,0.2676195331639313,4.413762674309416,4.033136764803024,2.1666288592177123,-1.651465026053968,-3.5143620272687257,-1.725516720111471,2.1918794770562173
-1.3427990368185194,0.1434012646079666,4.2115528162101485,4.033136764803024,2.1666288592177123,-1.651465026053968,-3.5143620272687257,-1.7066982324114743,2.1918794770562173
-1.2387336536795173,0.2657744335197063,3.5382686308907916,4.033136764803024,2.1666288592177123,-1.651465026053968,-3.5143620272687257,-1.7066982324114743,2.1875659904095577
-1.1986302372178304,0.1214185619952087,3.153535707157338,4.009074373420396,2.1666288592177123,-1.651465026053968,-3.5143620272687257,-1.7066982324114743,2.1875659904095577
-1.271361044339118,-0.1326902959541837,3.6467670242331187,4.009074373420396,2.1601651376206856,-1.651465026053968,-3.5143620272687257,-1.7066982324114743,2.1875659904095577
-1.368290031955042,0.13468924471257834,4.289003815886868,4.009074373420396,2.1601651376206856,-1.6374648173704807,-3.5143620272687257,-1.7066982324114743,2.1875659904095577
-1.3519140543688668,-0.2766131964937039,4.39883107234392,4.009074373420396,2.1601651376206856,-1.6374648173704807,-3.4874560732012982,-1.7066982324114743,2.1875659904095577
-1.3588124721413042,0.13984334519357594,4.190331100645877,4.009074373420396,2.1601651376206856,-1.6374648173704807,-3.4874560732012982,-1.6877020142393993,2.1875659904095577
-1.2512591575643028,0.2685021808724145,3.507135124039646,4.009074373420396,2.1601651376206856,-1.6374648173704807,-3.4874560732012982,-1.6877020142393993,2.183244584857044
-1.209278695719629,-0.12922170722128987,3.1178765207723194,3.9850494907491205,2.1601651376206856,-1.6374648173704807,-3.4874560732012982,-1.6877020142393993,2.183244584857044
-1.2844870914816158,-0.13703985019776094,3.6191935972169027,3.9850494907491205,2.1537537199351307,-1.6374648173704807,-3.4874560732012982,-1.6877020142393993,2.183244584857044
-1.3846690909574186,0.13104510752505652,4.270352605417261,3.9850494907491205,2.1537537199351307,-1.6231509621565607,-3.4874560732012982,-1.6877020142393993,2.183244584857044
-1.3688932969230954,0.296225173666506,4.3835572596033545,3.9850494907491205,2.1537537199351307,-1.6231509621565607,-3.45996060946501,-1.6877020142393993,2.183244584857044
-1.374718563217865,0.14711343782698297,4.1687834075492605,3.9850494907491205,2.1537537199351307,-1.6231509621565607,-3.45996060946501,-1.668357837703621,2.183244584857044
-1.2636274829296037,0.26573034966184894,3.4757407338164765,3.9850494907491205,2.1537537199351307,-1.6231509621565607,-3.45996060946501,-1.668357837703621,2.1788148463126578
-1.219742170474513,0.12871350502094026,3.082011190046702,3.9605559399623997,2.1537537199351307,-1.6231509621565607,-3.45996060946501,-1.668357837703621,2.1788148463126578
-1.297474103547013,-0.135420181985405,3.5914157468932153,3.9605559399623997,2.1472850064600086,-1.6231509621565607,-3.45996060946501,-1.668357837703621,2.1788148463126578
-1.4009531064307665,0.13847546106152087,4.251414513129265,3.9605559399623997,2.1472850064600086,-1.6087019336122232,-3.45996060946501,-1.668357837703621,2.1788148463126578
-1.3857849189159268,0.27712701511942456,4.36793667897482,3.9605559399623997,2.1472850064600086,-1.6087019336122232,-3.432131365765951,-1.668357837703621,2.1788148463126578
-1.3905148830921512,0.14840400541056623,4.1469117697891695,3.9605559399623997,2.1472850064600086,-1.6087019336122232,-3.432131365765951,-1.6487607574060341,2.1788148463126578
-1.2758373022234157,0.2744638933346053,3.4440887124496933,3.9605559399623997,2.1472850064600086,-1.6087019336122232,-3.432131365765951,-1.6487607574060341,2.1744930638584394
-1.2300355816826936,-0.13187699391077448,3.0459480908202052,3.9361261803416223,2.1472850064600086,-1.6087019336122232,-3.432131365765951,-1.6487607574060341,2.1744930638584394
-1.310321351034598,-0.13989892428582484,3.5634365876745933,3.9361261803416223,2.1408764781144063,-1.6087019336122232,-3.432131365765951,-1.6487607574060341,2.1744930638584394
-1.417141783044276,0.1398227196108301,4.232191663252773,3.9361261803416223,2.1408764781144063,-1.5940187018685705,-3.432131365765951,-1.6487607574060341,2.1744930638584394
-1.4026020365815164,0.28144083734581415,4.35197017355479,3.9361261803416223,2.1408764781144063,-1.5940187018685705,-3.4039604251190188,-1.6487607574060341,2.1744930638584394
-1.4062005623356666,0.15016857834010702,4.1247183446832,3.9361261803416223,2.1408764781144063,-1.5940187018685705,-3.4039604251190188,-1.6289038528621957,2.1744930638584394
-1.2878872657167053,0.2710570204227504,3.412182190428419,3.9361261803416223,2.1408764781144063,-1.5940187018685705,-3.4039604251190188,-1.6289038528621957,2.1700544366001546
-1.2401368926789393,0.13112129457040447,3.0096860912830965,3.9112203718012792,2.1408764781144063,-1.5940187018685705,-3.4039604251190188,-1.6289038528621957,2.1700544366001546
-1.3230274034085558,-0.13812618718818023,3.53525903050546,3.9112203718012792,2.134413006996418,-1.5940187018685705,-3.4039604251190188,-1.6289038528621957,2.1700544366001546
-1.4332326711081755,0.14158744491544456,4.212685731691952,3.9112203718012792,2.134413006996418,-1.5791075984857457,-3.4039604251190188,-1.6289038528621957,2.1700544366001546
-1.4193379361097616,0.2848234949877079,4.33565969841052,3.9112203718012792,2.134413006996418,-1.5791075984857457,-3.375449672239905,-1.6289038528621957,2.1700544366001546
-1.4217737535411987,0.15175912805463043,4.102205373392038,3.9112203718012792,2.134413006996418,-1.5791075984857457,-3.375449672239905,-1.6087904406728537,2.1700544366001546
-1.299776352015311,0.2799152094109085,3.3800243026312007,3.9112203718012792,2.134413006996418,-1.5791075984857457,-3.375449672239905,-1.6087904406728537,2.165729725056057
-1.2500671107967802,-0.1343846239082894,2.9732341248047205,3.8864007943546026,2.134413006996418,-1.5791075984857457,-3.375449672239905,-1.6087904406728537,2.165729725056057
-1.3355917304286153,-0.14271619932534815,3.5068862443514264,3.8864007943546026,2.128017308789171,-1.5791075984857457,-3.375449672239905,-1.6087904406728537,2.165729725056057
-1.4492247109762246,0.14325062828244522,4.192898541418505,3.8864007943546026,2.128017308789171,-1.5639665914273346,-3.375449672239905,-1.6087904406728537,2.165729725056057
-1.4359905347269797,0.28822395789514377,4.319006715720843,3.8864007943546026,2.128017308789171,-1.5639665914273346,-3.3466006416356637,-1.6087904406728537,2.165729725056057
-1.4372328972268298,0.15349325112904252,4.079375135525459,3.8864007943546026,2.128017308789171,-1.5639665914273346,-3.3466006416356637,-1.588418878262279,2.165729725056057
-1.3115030758396786,0.2763097248937612,3.347618251940017,3.8864007943546026,2.128017308789171,-1.5639665914273346,-3.3466006416356637,-1.588418878262279,2.1612877981955934
-1.2598025489636346,0.133464430237801,2.9365907490939374,3.8610972174665004,2.128017308789171,-1.5639665914273346,-3.3466006416356637,-1.588418878262279,2.1612877981955934
-1.3480129072490978,-0.14083009049906792,3.4783211812038792,3.8610972174665004,2.1215697917321945,-1.5639665914273346,-3.3466006416356637,-1.588418878262279,2.1612877981955934
-1.4651164775571477,0.1449862788879795,4.172831925094005,3.8610972174665004,2.1215697917321945,-1.5485964666338181,-3.3466006416356637,-1.588418878262279,2.1612877981955934
-1.4525581415648292,0.29161433813955884,4.302012752123027,3.8610972174665004,2.1215697917321945,-1.5485964666338181,-3.317414912822131,-1.588418878262279,2.1612877981955934
-1.4525764035402642,0.15506339753933204,4.056229940929208,3.8610972174665004,2.1215697917321945,-1.5485964666338181,-3.317414912822131,-1.5677923671255247,2.1612877981955934
-1.3230664528208103,0.285266776376715,3.3149672163414032,3.8610972174665004,2.1215697917321945,-1.5485964666338181,-3.317414912822131,-1.5677923671255247,2.156965255707294
-1.2693658301412856,-0.13683638572253584,2.899765314294533,3.8359031765440594,2.1215697917321945,-1.5485964666338181,-3.317414912822131,-1.5677923671255247,2.156965255707294
-1.36029045764865,-0.14548346272385485,3.449567059086088,3.8359031765440594,2.115196770942509,-1.5485964666338181,-3.317414912822131,-1.5677923671255247,2.156965255707294
-1.4809065956453065,0.14663338464552855,4.152487748328255,3.8359031765440594,2.115196770942509,-1.5329954526210523,-3.317414912822131,-1.5677923671255247,2.156965255707294
-1.4690390594255915,-0.30126505438434664,4.284679366135322,3.8359031765440594,2.115196770942509,-1.5329954526210523,-3.288196200144498,-1.5677923671255247,2.156965255707294
-1.4678027235259474,0.15111757977179818,4.032772137082078,3.8359031765440594,2.115196770942509,-1.5329954526210523,-3.288196200144498,-1.5469973832961692,2.156965255707294
-1.3344650369682631,0.2813705591993011,3.2820744610318986,3.8359031765440594,2.115196770942509,-1.5329954526210523,-3.288196200144498,-1.5469973832961692,2.1525233908201917
-1.2787316790356336,-0.1327195534239761,2.8627560447926674,3.8105178575566723,2.115196770942509,-1.5329954526210523,-3.288196200144498,-1.5469973832961692,2.1525233908201917
-1.3724229672247683,-0.14672876450225084,3.4206268720100095,3.8105178575566723,2.108836285145632,-1.5329954526210523,-3.288196200144498,-1.5469973832961692,2.1525233908201917
-1.4965936777643694,0.1425342128095392,4.1318678978350665,3.8105178575566723,2.108836285145632,-1.5170719487566184,-3.288196200144498,-1.5469973832961692,2.1525233908201917
-1.4854362614530268,0.3219555384250348,4.267015673597789,3.8105178575566723,2.108836285145632,-1.5170719487566184,-3.2583454785894252,-1.5469973832961692,2.1525233908201917
-1.4829106146319264,0.15866826724157354,4.009004314476691,3.8105178575566723,2.108836285145632,-1.5170719487566184,-3.2583454785894252,-1.525855145469064,2.1525233908201917
-1.3456978672066806,0.2843754972664948,3.2489432083605005,3.8105178575566723,2.108836285145632,-1.5170719487566184,-3.2583454785894252,-1.525855145469064,2.148093555633153
-1.287916988443942,-0.13394356585773073,2.825566941005604,3.7849510253985073,2.108836285145632,-1.5170719487566184,-3.2583454785894252,-1.525855145469064,2.148093555633153
-1.3844099362530038,-0.14814168296920144,3.3915037151544665,3.7849510253985073,2.102494225683532,-1.5170719487566184,-3.2583454785894252,-1.525855145469064,2.148093555633153
-1.512175905413673,0.15033897340812274,4.110973986123305,3.7849510253985073,2.102494225683532,-1.5010154517511052,-3.2583454785894252,-1.525855145469064,2.148093555633153
-1.5017317860649835,0.30076090399850275,4.249015984904786,3.7849510253985073,2.102494225683532,-1.5010154517511052,-3.2281740676887254,-1.525855145469064,2.148093555633153
-1.4978976753724675,0.15994129586779024,3.984928742244155,3.7849510253985073,2.102494225683532,-1.5010154517511052,-3.2281740676887254,-1.5044646513535402,2.148093555633153
-1.3567634774709139,0.2868538397974552,3.2155769528240468,3.7849510253985073,2.102494225683532,-1.5010154517511052,-3.2281740676887254,-1.5044646513535402,2.143667604431334
-1.2969154136791325,0.13790049827207973,2.7882017977783726,3.7588984642990417,2.102494225683532,-1.5010154517511052,-3.2281740676887254,-1.5044646513535402,2.143667604431334
-1.39625028111345,-0.14611125645521136,3.362200744325623,3.7588984642990417,2.0961082398100968,-1.5010154517511052,-3.2281740676887254,-1.5044646513535402,2.143667604431334
-1.5276531655234156,0.15168314380108974,4.089808371286227,3.7588984642990417,2.0961082398100968,-1.4847222975237868,-3.2281740676887254,-1.5044646513535402,2.143667604431334
-1.5179421863843106,0.30505866203349324,4.23068125829879,3.7588984642990417,2.0961082398100968,-1.4847222975237868,-3.197672234546258,-1.5044646513535402,2.143667604431334
-1.512763168614224,0.16156548947728386,3.960547799032576,3.7588984642990417,2.0961082398100968,-1.4847222975237868,-3.197672234546258,-1.4828211406744127,2.143667604431334
-1.3676608934051655,0.2956271403301681,3.1819789957985725,3.7588984642990417,2.0961082398100968,-1.4847222975237868,-3.197672234546258,-1.4828211406744127,2.1393647893491816
-1.3057340529822532,-0.14152547133798074,2.7506705991257476,3.7329941282418284,2.0961082398100968,-1.4847222975237868,-3.197672234546258,-1.4828211406744127,2.1393647893491816
-1.407943202577185,-0.15089377470369003,3.3327213219892626,3.7329941282418284,2.0898103598375046,-1.4847222975237868,-3.197672234546258,-1.4828211406744127,2.1393647893491816
-1.543022972236002,0.15331200709908693,4.068372901626578,3.7329941282418284,2.0898103598375046,-1.4681967813717272,-3.197672234546258,-1.4828211406744127,2.1393647893491816
-1.5340596611546427,0.3083349001316097,4.212013783002883,3.7329941282418284,2.0898103598375046,-1.4681967813717272,-3.1668421789376193,-1.4828211406744127,2.1393647893491816
-1.5275053230082862,0.1632421454292891,3.9358639640044144,3.7329941282418284,2.0898103598375046,-1.4681967813717272,-3.1668421789376193,-1.460924564005095,2.1393647893491816
-1.3783890271754036,0.2914437152500902,3.148152506606573,3.7329941282418284,2.0898103598375046,-1.4681967813717272,-3.1668421789376193,-1.460924564005095,2.1349438801521257
-1.3143500760711158,-0.1371740013711102,2.7129708818913083,3.7069131446335324,2.0898103598375046,-1.4681967813717272,-3.1668421789376193,-1.460924564005095,2.1349438801521257
-1.4194874927163557,-0.15208504172084947,3.3030685255774253,3.7069131446335324,2.0835348931087814,-1.4681967813717272,-3.1668421789376193,-1.460924564005095,2.1349438801521257
-1.5582843518060774,0.15496089274365502,4.046669581548371,3.7069131446335324,2.0835348931087814,-1.4514389817004418,-3.1668421789376193,-1.460924564005095,2.1349438801521257
-1.55008210661025,0.3116379856377589,4.193015241453833,3.7069131446335324,2.0835348931087814,-1.4514389817004418,-3.1356856584811776,-1.460924564005095,2.1349438801521257
-1.542122646288426,0.1647461113326914,3.910879746221321,3.7069131446335324,2.0835348931087814,-1.4514389817004418,-3.1356856584811776,-1.438778383920497,2.1349438801521257
-1.3889467834041704,0.29425993596284256,3.1141007928171347,3.7069131446335324,2.0835348931087814,-1.4514389817004418,-3.1356856584811776,-1.438778383920497,2.130538444235074
