u_r,u_theta,ro_i,agent_position_y[1],agent_position_y[2],agent_position_y[3],agent_position_y[4],agent_position_y[5],agent_position_y[6]
-0.005999999999999999,0.00047999999999999996,5.0,5.0000096,9.330127018922193,9.330127018922195,5.000000000000001,0.6698729810778072,0.6698729810778072
-2.744556778080376,0.0065279911825209145,5.0,5.0000096,9.282655180995091,9.330127018922195,5.000000000000001,0.6698729810778072,0.6698729810778072
-10.969227112321505,-15.695090813604708,5.000000000000001,5.0000096,9.282655180995091,9.297085340275213,5.000000000000001,0.6698729810778072,0.6698729810778072
-24.680011002723397,15.506432601263706,5.0,5.0000096,9.282655180995091,9.297085340275213,4.6898713479747265,0.6698729810778072,0.6698729810778072
-10.969227112321514,0.1596579285285445,5.000000000000001,5.0000096,9.282655180995091,9.297085340275213,4.6898713479747265,0.8582689885755508,0.6698729810778072
-2.744556778080376,-0.0043665288544051835,5.0,5.0000096,9.282655180995091,9.297085340275213,4.6898713479747265,0.8582689885755508,0.7173664336281907
-0.025999382732747583,0.0024802928188423223,4.987880011577737,5.000059203354372,9.282655180995091,9.297085340275213,4.6898713479747265,0.8582689885755508,0.7173664336281907
-0.02273829426101523,-0.16485670954562703,4.939132565821722,5.000059203354372,9.28061838257486,9.297085340275213,4.6898713479747265,0.8582689885755508,0.7173664336281907
-0.03127643326054105,0.4738183994157186,4.796241160643598,5.000059203354372,9.28061838257486,9.292315565666017,4.6898713479747265,0.8582689885755508,0.7173664336281907
-0.03432569593955609,-0.30592182278806834,4.529029401165487,5.000059203354372,9.28061838257486,9.292315565666017,4.696022431826844,0.8582689885755508,0.7173664336281907
-0.021988940134632463,0.0008078870808417783,4.786608405879737,5.000059203354372,9.28061838257486,9.292315565666017,4.696022431826844,0.8586414167827154,0.7173664336281907
-0.022712885934290196,0.007354333272351941,4.939107501830848,5.000059203354372,9.28061838257486,9.292315565666017,4.696022431826844,0.8586414167827154,0.7178335861321009
-0.045936132150743846,0.0028016688716318277,4.975360105637614,5.000115215163544,9.28061838257486,9.292315565666017,4.696022431826844,0.8586414167827154,0.7178335861321009
-0.042430956657767,0.007300088981132336,4.932742620065138,5.000115215163544,9.279954491783558,9.292315565666017,4.696022431826844,0.8586414167827154,0.7178335861321009
-0.04074400064098038,-0.014180308498572242,4.801027156416578,5.000115215163544,9.279954491783558,9.291714064180407,4.696022431826844,0.8586414167827154,0.7178335861321009
-0.041460257043058814,0.0026515012705309957,4.540317055018698,5.000115215163544,9.279954491783558,9.291714064180407,4.6960250261155565,0.8586414167827154,0.7178335861321009
-0.04100965578537647,0.009271821671612536,4.792158106614473,5.000115215163544,9.279954491783558,9.291714064180407,4.6960250261155565,0.8592569061229661,0.7178335861321009
-0.042381834607552904,0.009212959455851408,4.932648496049314,5.000115215163544,9.279954491783558,9.291714064180407,4.6960250261155565,0.8592569061229661,0.7186608920089148
-0.06580825448517799,0.006518735623556923,4.962441605226418,5.0002455249448285,9.279954491783558,9.291714064180407,4.6960250261155565,0.8592569061229661,0.7186608920089148
-0.0620985950474273,0.000809230779480071,4.926005200732984,5.0002455249448285,9.278883385002398,9.291714064180407,4.6960250261155565,0.8592569061229661,0.7186608920089148
-0.05976642089468443,0.0007400387344172026,4.805663362614941,5.0002455249448285,9.278883385002398,9.290639880996173,4.6960250261155565,0.8592569061229661,0.7186608920089148
-0.0592730766842764,-0.005101509153789661,4.551455971818606,5.0002455249448285,9.278883385002398,9.290639880996173,4.696205967543096,0.8592569061229661,0.7186608920089148
-0.06004997314689251,0.010944131049494345,4.797324604665321,5.0002455249448285,9.278883385002398,9.290639880996173,4.696205967543096,0.8601829597957797,0.7186608920089148
-0.06201665242140729,0.011229031372303005,4.925792672921167,5.0002455249448285,9.278883385002398,9.290639880996173,4.696205967543096,0.8601829597957797,0.719849986088404
-0.08561376735599757,0.008364031423617007,4.949125876788223,5.000412640914861,9.278883385002398,9.290639880996173,4.696205967543096,0.8601829597957797,0.719849986088404
-0.08172447592474912,0.0030342141753369562,4.9189218386040645,5.000412640914861,9.277491422898178,9.290639880996173,4.696205967543096,0.8601829597957797,0.719849986088404
-0.0788424915770072,0.00233549079965678,4.809968499801092,5.000412640914861,9.277491422898178,9.289212099665258,4.696205967543096,0.8601829597957797,0.719849986088404
-0.07714511484827775,-0.006723002474628398,4.562236696775251,5.000412640914861,9.277491422898178,9.289212099665258,4.696442791761647,0.8601829597957797,0.719849986088404
-0.07911462370869143,0.012820905147881551,4.802107413401254,5.000412640914861,9.277491422898178,9.289212099665258,4.696442791761647,0.86141698692426,0.719849986088404
-0.0816149410858342,0.01322257279114437,4.918540657634685,5.000412640914861,9.277491422898178,9.289212099665258,4.696442791761647,0.86141698692426,0.7214006613270465
-0.10535068851784897,0.010328146903898315,4.935414325670644,5.0006188739984765,9.277491422898178,9.289212099665258,4.696442791761647,0.86141698692426,0.7214006613270465
-0.10131351050192587,0.004946867510610941,4.911493675968283,5.0006188739984765,9.275775174489695,9.289212099665258,4.696442791761647,0.86141698692426,0.7214006613270465
-0.09793782910765607,0.004261441268891093,4.813941379922942,5.0006188739984765,9.275775174489695,9.287428023012119,4.696442791761647,0.86141698692426,0.7214006613270465
-0.09506920800623438,-0.008466279887948668,4.5726579999237895,5.0006188739984765,9.275775174489695,9.287428023012119,4.696737818963291,0.86141698692426,0.7214006613270465
-0.09820137995030762,0.014694135375383615,4.806505947318782,5.0006188739984765,9.275775174489695,9.287428023012119,4.696737818963291,0.862958453020213,0.7214006613270465
-0.10117472961268217,0.015214578305100354,4.910893125687624,5.0006188739984765,9.275775174489695,9.287428023012119,4.696737818963291,0.862958453020213,0.7233128756482404
-0.12501704769594998,0.012280658379692173,4.921308398820697,5.000863909355781,9.275775174489695,9.287428023012119,4.696737818963291,0.862958453020213,0.7233128756482404
-0.12086359985214748,0.006866017002079127,4.9037217435922305,5.000863909355781,9.273734397686281,9.287428023012119,4.696737818963291,0.862958453020213,0.7233128756482404
-0.11705137791821842,0.006181558521797744,4.817581509074773,5.000863909355781,9.273734397686281,9.285288007293543,4.696737818963291,0.862958453020213,0.7233128756482404
-0.11304357726095181,-0.010211298575994489,4.582718796290227,5.000863909355781,9.273734397686281,9.285288007293543,4.697090956611618,0.862958453020213,0.7233128756482404
-0.11730832655112335,0.016569295603221866,4.810519667462205,5.000863909355781,9.273734397686281,9.285288007293543,4.697090956611618,0.8648067357464561,0.7233128756482404
-0.12069404270973039,0.01720323944053684,4.902850793580824,5.000863909355781,9.273734397686281,9.285288007293543,4.697090956611618,0.8648067357464561,0.7255865257351963
-0.14461088062567787,0.014227185900236097,4.906809583788647,5.001147527954123,9.273734397686281,9.285288007293543,4.697090956611618,0.8648067357464561,0.7255865257351963
-0.140373042218894,-0.01876031884817625,4.895607116729332,5.001147527954123,9.271100237812533,9.285288007293543,4.697090956611618,0.8648067357464561,0.7255865257351963
-0.13618145742099974,0.007831934941170692,4.8208884141724155,5.001147527954123,9.271100237812533,9.282794862678262,4.697090956611618,0.8648067357464561,0.7255865257351963
-0.13106641328836635,-0.0119627857152399,4.592418037361852,5.001147527954123,9.271100237812533,9.282794862678262,4.697502189900659,0.8648067357464561,0.7255865257351963
-0.1364335364648831,0.018446049442051034,4.814148075080171,5.001147527954123,9.271100237812533,9.282794862678262,4.697502189900659,0.8669611835477539,0.7255865257351963
-0.14017090976848282,0.019188491332564894,4.894414418954889,5.001147527954123,9.271100237812533,9.282794862678262,4.697502189900659,0.8669611835477539,0.7282214643764853
-0.1641302308262187,0.015890990777360104,4.891919408703901,5.001463959321795,9.271100237812533,9.282794862678262,4.697502189900659,0.8669611835477539,0.7282214643764853
-0.15983953089298325,-0.020212196897994,4.88714972539474,5.001463959321795,9.268109480270383,9.282794862678262,4.697502189900659,0.8669611835477539,0.7282214643764853
-0.15532638205009983,0.009726469539223747,4.823861643727635,5.001463959321795,9.268109480270383,9.279946741003444,4.697502189900659,0.8669611835477539,0.7282214643764853
-0.14913590226416307,-0.013715602504156179,4.601754711765923,5.001463959321795,9.268109480270383,9.279946741003444,4.697971384838127,0.8669611835477539,0.7282214643764853
-0.15557508059884148,0.020324297406860443,4.817390711841476,5.001463959321795,9.268109480270383,9.279946741003444,4.697971384838127,0.8694211133055135,0.7282214643764853
-0.15960336409207387,0.021167412506522515,4.885584800493965,5.001463959321795,9.268109480270383,9.279946741003444,4.697971384838127,0.8694211133055135,0.7312174728042363
-0.18357314886677656,0.01779580818171689,4.8766394414883525,5.00181789515595,9.268109480270383,9.279946741003444,4.697971384838127,0.8694211133055135,0.7312174728042363
-0.17926305521085487,-0.022137737166796918,4.878350563214506,5.00181789515595,9.264757618601553,9.279946741003444,4.697971384838127,0.8694211133055135,0.7312174728042363
-0.17448451034117016,0.011612773045742854,4.82650079100968,5.00181789515595,9.264757618601553,9.276744132972498,4.697971384838127,0.8694211133055135,0.7312174728042363
-0.16725022543086387,-0.01547211320282701,4.610727845321579,5.00181789515595,9.264757618601553,9.276744132972498,4.698498438055654,0.8694211133055135,0.7312174728042363
-0.17473102775438,0.022203827963231323,4.820247159853602,5.00181789515595,9.264757618601553,9.276744132972498,4.698498438055654,0.8721858115489423,0.7312174728042363
-0.17898944322601873,0.02314513279147768,4.876362777960438,5.00181789515595,9.264757618601553,9.276744132972498,4.698498438055654,0.8721858115489423,0.7345743391136434
-0.2029376953925192,0.019684327250211877,4.8609712912007605,5.0022088614330995,9.264757618601553,9.276744132972498,4.698498438055654,0.8721858115489423,0.7345743391136434
-0.19864086992012261,-0.02405012342926257,4.869210614995674,5.0022088614330995,9.26104494829134,9.276744132972498,4.698498438055654,0.8721858115489423,0.7345743391136434
-0.19365415922815493,0.013500525965088803,4.828805481603035,5.0022088614330995,9.26104494829134,9.273187477039462,4.698498438055654,0.8721858115489423,0.7345743391136434
-0.18540755938434392,-0.017232034974519365,4.619336501148431,5.0022088614330995,9.26104494829134,9.273187477039462,4.699083223977531,0.8721858115489423,0.7345743391136434
-0.19389944484654573,0.02408453913038979,4.822717041687686,5.0022088614330995,9.26104494829134,9.273187477039462,4.699083223977531,0.8752545333935589,0.7345743391136434
-0.19832718889281198,0.0251188338539966,4.866749231899941,5.0022088614330995,9.26104494829134,9.273187477039462,4.699083223977531,0.8752545333935589,0.7382917809558438
-0.2222219375261622,0.021566351541234804,4.84491660671343,5.002636563760752,9.26104494829134,9.273187477039462,4.699083223977531,0.8752545333935589,0.7382917809558438
-0.21797129569962684,-0.02595873519216398,4.859730920547847,5.002636563760752,9.256971709466036,9.273187477039462,4.699083223977531,0.8752545333935589,0.7382917809558438
-0.2128336558287383,0.015389310398566357,4.830775374794221,5.002636563760752,9.256971709466036,9.269277251744942,4.699083223977531,0.8752545333935589,0.7382917809558438
-0.20360607620381554,-0.018995232914601708,4.6275797797492135,5.002636563760752,9.256971709466036,9.269277251744942,4.699725597795401,0.8752545333935589,0.7382917809558438
-0.21307839709508167,0.025966246687388235,4.824800020395575,5.002636563760752,9.256971709466036,9.269277251744942,4.699725597795401,0.878626503455385,0.7382917809558438
-0.21761464767578134,0.02708851595593363,4.856745083659265,5.002636563760752,9.256971709466036,9.269277251744942,4.699725597795401,0.878626503455385,0.7423694731142199
-0.24142395140732953,0.02344143535188816,4.82847707692713,5.003100682222395,9.256971709466036,9.269277251744942,4.699725597795401,0.878626503455385,0.7423694731142199
-0.23725263807668487,-0.027863256244667265,4.849912553729194,5.003100682222395,9.252538181400709,9.269277251744942,4.699725597795401,0.878626503455385,0.7423694731142199
-0.2320213252728947,0.017279004489724876,4.832410163334498,5.003100682222395,9.252538181400709,9.265013972987264,4.699725597795401,0.878626503455385,0.7423694731142199
-0.2218439436537936,-0.020761566788322965,4.635456819093404,5.003100682222395,9.252538181400709,9.265013972987264,4.700425395382977,0.878626503455385,0.7423694731142199
-0.23226594823679705,0.02784879581914316,4.826495799527097,5.003100682222395,9.252538181400709,9.265013972987264,4.700425395382977,0.8823009156175031,0.7423694731142199
-0.2368498708438579,0.02905402160958969,4.846351295289084,5.003100682222395,9.252538181400709,9.265013972987264,4.700425395382977,0.8823009156175031,0.7468070460801132
-0.26054182180512614,0.02530943280334574,4.8116544305996225,5.003600877342943,9.252538181400709,9.265013972987264,4.700425395382977,0.8823009156175031,0.7468070460801132
-0.2564832085091127,-0.02976355818677096,4.839756622761446,5.003600877342943,9.247744680638498,9.265013972987264,4.700425395382977,0.8823009156175031,0.7468070460801132
-0.25121549133984034,0.019169478610071004,4.83370957346607,5.003600877342943,9.247744680638498,9.260398194078983,4.700425395382977,0.8823009156175031,0.7468070460801132
-0.2401193253707957,-0.022530895945785452,4.642966794697003,5.003600877342943,9.247744680638498,9.260398194078983,4.701182433309271,0.8823009156175031,0.7468070460801132
-0.251460160723035,0.029732029509875527,4.827804123142851,5.003600877342943,9.247744680638498,9.260398194078983,4.701182433309271,0.8862769331241621,0.7468070460801132
-0.256030914672373,0.031015199865627955,4.835568869452673,5.003600877342943,9.247744680638498,9.260398194078983,4.701182433309271,0.8862769331241621,0.7516040862292572
-0.27957364234201804,0.02717019083800048,4.794450436197096,5.0041367899081814,9.247744680638498,9.260398194078983,4.701182433309271,0.8862769331241621,0.7516040862292572
-0.2756613241473346,-0.031659509371636,4.8292642701319215,5.0041367899081814,9.242591560963103,9.260398194078983,4.701182433309271,0.8862769331241621,0.7516040862292572
-0.27041447661197837,0.02106060328681433,4.834673364935066,5.0041367899081814,9.242591560963103,9.25543050572709,4.701182433309271,0.8862769331241621,0.7516040862292572
-0.25843038105129545,-0.0243030794662541,4.650108919698905,5.0041367899081814,9.242591560963103,9.25543050572709,4.701996508855082,0.8862769331241621,0.7516040862292572
-0.2706590959237986,0.03161579080965938,4.828724775823857,5.0041367899081814,9.242591560963103,9.25543050572709,4.701996508855082,0.8905536886535164,0.7516040862292572
-0.27515584063876614,0.03297190001137702,4.824398849328884,5.0041367899081814,9.242591560963103,9.25543050572709,4.701996508855082,0.8905536886535164,0.7567601359404911
-0.29851751569104445,0.029023557185070475,4.776866901741545,5.0047080409421785,9.242591560963103,9.25543050572709,4.701996508855082,0.8905536886535164,0.7567601359404911
-0.29478530801288144,-0.033550978568762276,4.818436672500468,5.0047080409421785,9.237079213332583,9.25543050572709,4.701996508855082,0.8905536886535164,0.7567601359404911
-0.28961660264295747,0.02295224901905078,4.835301331001557,5.0047080409421785,9.237079213332583,9.250111536011689,4.701996508855082,0.8905536886535164,0.7567601359404911
-0.2767752666400128,-0.026077976150996194,4.656882444933851,5.0047080409421785,9.237079213332583,9.250111536011689,4.702867400029751,0.8905536886535164,0.7567601359404911
-0.2898608143304514,0.03349992273996141,4.829257582677939,5.0047080409421785,9.237079213332583,9.250111536011689,4.702867400029751,0.8951302843933603,0.7567601359404911
-0.294222715624588,0.03492397179424196,4.812842318511803,5.0047080409421785,9.237079213332583,9.250111536011689,4.702867400029751,0.8951302843933603,0.7622746937200103
-0.3173715537730996,0.030869380180469877,4.758905674655151,5.005314231679485,9.237079213332583,9.250111536011689,4.702867400029751,0.8951302843933603,0.7622746937200103
-0.31385348916833805,-0.03543783490501124,4.807275040603173,5.005314231679485,9.231208065810502,9.250111536011689,4.702867400029751,0.8951302843933603,0.7622746937200103
-0.3088201901253984,0.024844286294784294,4.835593298446302,5.005314231679485,9.231208065810502,9.24444195036129,4.702867400029751,0.8951302843933603,0.7622746937200103
-0.29515213451855044,-0.02785544453986029,4.6632866590019475,5.005314231679485,9.231208065810502,9.24444195036129,4.703794865588673,0.8951302843933603,0.7622746937200103
-0.30906337575852894,0.035384268310711696,4.829402409342816,5.005314231679485,9.231208065810502,9.24444195036129,4.703794865588673,0.9000057921186847,0.7622746937200103
-0.31322961211671296,0.03687126543458076,4.800900400907019,5.005314231679485,9.231208065810502,9.24444195036129,4.703794865588673,0.9000057921186847,0.7681472143291262
-0.3361338779534029,0.032707508783564536,4.740568641601688,5.005954943535952,9.231208065810502,9.24444195036129,4.703794865588673,0.9000057921186847,0.7681472143291262
-0.33286420288694063,-0.03731994787571419,4.795780619153046,5.005954943535952,9.224978583493767,9.24444195036129,4.703794865588673,0.9000057921186847,0.7681472143291262
-0.32802355905864805,0.02673658560301434,4.835549127574234,5.005954943535952,9.224978583493767,9.238422451524755,4.703794865588673,0.9000057921186847,0.7681472143291262
-0.31355913369435984,-0.029635342926402138,4.669320888334713,5.005954943535952,9.224978583493767,9.238422451524755,4.7047786450515545,0.9000057921186847,0.7681472143291262
-0.32826483955054,0.037268670533159826,4.8291591619859116,5.005954943535952,9.224978583493767,9.238422451524755,4.7047786450515545,0.9051792532710794,0.7681472143291262
-0.33217460840801116,0.03881363164474185,4.788574260624495,5.005954943535952,9.224978583493767,9.238422451524755,4.7047786450515545,0.9051792532710794,0.7743771089155959
-0.3548026192371688,0.03453779258921623,4.721857728324997,5.006629738077935,9.224978583493767,9.238422451524755,4.7047786450515545,0.9051792532710794,0.7743771089155959
-0.35181579082165165,-0.03919718735426911,4.783954686737675,5.006629738077935,9.218391268437188,9.238422451524755,4.7047786450515545,0.9051792532710794,0.7743771089155959
-0.3472250289165344,0.028629017446022895,4.83516871221467,5.006629738077935,9.218391268437188,9.232053779539907,4.7047786450515545,0.9051792532710794,0.7743771089155959
-0.33199440999001906,-0.03141752937308391,4.674984497257669,5.006629738077935,9.218391268437188,9.232053779539907,4.705818458721441,0.9051792532710794,0.7743771089155959
-0.3474632647787473,0.03915297243283692,4.828527787300857,5.006629738077935,9.218391268437188,9.232053779539907,4.705818458721441,0.910649679039961,0.7743771089155959
-0.3510557887974556,0.040750921647932196,4.775865101868092,5.006629738077935,9.218391268437188,9.232053779539907,4.705818458721441,0.910649679039961,0.7809637451485242
-0.37337591846446216,0.03636008183970048,4.702774899484596,5.007338156989757,9.218391268437188,9.232053779539907,4.705818458721441,0.910649679039961,0.7809637451485242
-0.37070660117370074,-0.0410694236015356,4.771798555713881,5.007338156989757,9.211446659574777,9.232053779539907,4.705818458721441,0.910649679039961,0.7809637451485242
-0.3664229188151077,0.030521452351684852,4.834451979718235,5.007338156989757,9.211446659574777,9.225336711698818,4.705818458721441,0.910649679039961,0.7809637451485242
-0.3504561062328052,-0.03320186172651752,4.680276888049437,5.007338156989757,9.211446659574777,9.225336711698818,4.7069140077045235,0.910649679039961,0.7809637451485242
-0.3666567104479103,0.04103701706254521,4.827508272500681,5.007338156989757,9.211446659574777,9.225336711698818,4.7069140077045235,0.916416050445604,0.7809637451485242
-0.369871243789647,0.04268298719710001,4.762774168821767,5.007338156989757,9.211446659574777,9.225336711698818,4.7069140077045235,0.916416050445604,0.7879064473568395
-0.39185192650422324,0.03817422743646281,4.683322158488487,5.008079722039274,9.211446659574777,9.225336711698818,4.7069140077045235,0.916416050445604,0.7879064473568395
-0.3895349888605753,-0.04293652727508416,4.759313572099403,5.008079722039274,9.204145332637815,9.225336711698818,4.7069140077045235,0.916416050445604,0.7879064473568395
-0.3856155476803499,0.03241376088588814,4.833398890950522,5.008079722039274,9.204145332637815,9.218272062509758,4.7069140077045235,0.916416050445604,0.7879064473568395
-0.3689423624445433,-0.034988197632701945,4.685197500997344,5.008079722039274,9.204145332637815,9.218272062509758,4.708064973930744,0.916416050445604,0.7879064473568395
-0.38584323569797313,0.04292064751534177,4.8261006453076885,5.008079722039274,9.204145332637815,9.218272062509758,4.708064973930744,0.9224773184239541,0.7879064473568395
-0.38861907029373877,0.044609680593838325,4.749302745532442,5.008079722039274,9.204145332637815,9.218272062509758,4.708064973930744,0.9224773184239541,0.7952044966713435
-0.4102288044474518,0.03998008095163511,4.663501547323198,5.008853935041397,9.204145332637815,9.218272062509758,4.708064973930744,0.9224773184239541,0.7952044966713435
-0.4082993156834458,-0.04479836943811655,4.746501115461635,5.008853935041397,9.196487900069672,9.218272062509758,4.708064973930744,0.9224773184239541,0.7952044966713435
-0.40480123441583726,0.034305813664904074,4.832009440282454,5.008853935041397,9.196487900069672,9.210860683655845,4.708064973930744,0.9224773184239541,0.7952044966713435
-0.38745131603171434,-0.03677639455230318,4.689745814449509,5.008853935041397,9.196487900069672,9.210860683655845,4.709271020175214,0.9224773184239541,0.7952044966713435
-0.405020900006682,0.044803706937506044,4.824304973939996,5.008853935041397,9.196487900069672,9.210860683655845,4.709271020175214,0.9288324039131979,0.7952044966713435
-0.40729737182174625,0.04653085470729238,4.735452155789613,5.008853935041397,9.196487900069672,9.210860683655845,4.709271020175214,0.9288324039131979,0.8028571311703352
-0.42850472379953475,0.04177749463936782,4.643315146381149,5.0096602778194095,9.196487900069672,9.210860683655845,4.709271020175214,0.9288324039131979,0.8028571311703352
-0.42699795049401224,-0.04665482156824779,4.73336259880342,5.0096602778194095,9.188475010937463,9.210860683655845,4.709271020175214,0.9288324039131979,0.8028571311703352
-0.4239782980703393,0.03619748136791518,4.830283655577356,5.0096602778194095,9.188475010937463,9.203103463950358,4.709271020175214,0.9288324039131979,0.8028571311703352
-0.4059811019758044,-0.03856630977593695,4.693921344863426,5.0096602778194095,9.188475010937463,9.203103463950358,4.710531790080441,0.9288324039131979,0.8028571311703352
-0.4241877633921156,0.04668603854152574,4.822121367094747,5.0096602778194095,9.188475010937463,9.203103463950358,4.710531790080441,0.9354801979420672,0.8028571311703352
-0.4259042586862225,0.04844636299311784,4.721223763001694,5.0096602778194095,9.188475010937463,9.203103463950358,4.710531790080441,0.9354801979420672,0.8108635460288063
-0.4466778666717051,0.04356632144692671,4.622765074285399,5.010498212163905,9.188475010937463,9.203103463950358,4.710531790080441,0.9354801979420672,0.8108635460288063
-0.44562926936075503,-0.04850575556598899,4.719899468445957,5.010498212163905,9.180107350840496,9.203103463950358,4.710531790080441,0.9354801979420672,0.8108635460288063
-0.4431450580053379,0.0380886347494891,4.8282215981747365,5.010498212163905,9.180107350840496,9.195001329288772,4.710531790080441,0.9354801979420672,0.8108635460288063
-0.4245298530238776,-0.04035780043949144,4.697723646850992,5.010498212163905,9.180107350840496,9.195001329288772,4.711846908179398,0.9354801979420672,0.8108635460288063
-0.44334188661511104,0.04856748561902505,4.81954997392797,5.010498212163905,9.180107350840496,9.195001329288772,4.711846908179398,0.9424195617198505,0.8108635460288063
-0.4444378481972848,0.050356059512437844,4.706618970069139,5.010498212163905,9.180107350840496,9.195001329288772,4.711846908179398,0.9424195617198505,0.8192228936712079
-0.4647464259716211,0.04534641502557212,4.601853487711829,5.011367179789182,9.180107350840496,9.195001329288772,4.711846908179398,0.9424195617198505,0.8192228936712079
-0.46419165573457694,-0.05035104376297795,4.7061132039088305,5.011367179789182,9.171385641815586,9.195001329288772,4.711846908179398,0.9424195617198505,0.8192228936712079
-0.46229983406244923,0.039979144652180665,4.8258233628707785,5.011367179789182,9.171385641815586,9.18655524259748,4.711846908179398,0.9424195617198505,0.8192228936712079
-0.44309569987935415,-0.04215072353944572,4.701152313220011,5.011367179789182,9.171385641815586,9.18655524259748,4.713215979919423,0.9424195617198505,0.8192228936712079
-0.46248133138156927,0.05044789155371123,4.816590984031107,5.011367179789182,9.171385641815586,9.18655524259748,4.713215979919423,0.9496493267280858,0.8192228936712079
-0.4628962648589743,0.05225979895084043,4.6916392192543706,5.011367179789182,9.171385641815586,9.18655524259748,4.713215979919423,0.9496493267280858,0.8279342839277828
-0.48270860559305107,0.047117629741198014,4.5805825812088505,5.012266602286888,9.171385641815586,9.18655524259748,4.713215979919423,0.9496493267280858,0.8279342839277828
-0.4826835006138206,-0.05219055892995917,4.692005317787179,5.012266602286888,9.162310642239227,9.18655524259748,4.713215979919423,0.9496493267280858,0.8279342839277828
-0.4814409467307343,0.0418688820190806,4.8230890778955136,5.012266602286888,9.162310642239227,9.177766203779248,4.713215979919423,0.9496493267280858,0.8279342839277828
-0.46167677139297647,-0.04394493594822532,4.7042069750121325,5.012266602286888,9.162310642239227,9.177766203779248,4.714638591686956,0.9496493267280858,0.8279342839277828
-0.4816041605446238,0.05232709983425902,4.813244627404178,5.012266602286888,9.162310642239227,9.177766203779248,4.714638591686956,0.9571682948139065,0.8279342839277828
-0.48127764056493333,0.05415743663742364,4.676285992048545,5.012266602286888,9.162310642239227,9.177766203779248,4.714638591686956,0.9571682948139065,0.8369967841944594
-0.5005626206046547,0.048879820684727085,4.558954587014714,5.013195881076744,9.162310642239227,9.177766203779248,4.714638591686956,0.9571682948139065,0.8369967841944594
-0.5011032027086478,-0.05402417428446593,4.677577355626053,5.013195881076744,9.152883146726664,9.177766203779248,4.714638591686956,0.9571682948139065,0.8369967841944594
-0.5005667173138785,0.04375771790651707,4.820018904886719,5.013195881076744,9.152883146726664,9.168635249655376,4.714638591686956,0.9571682948139065,0.8369967841944594
-0.4802711947539445,-0.04574029442956544,4.706887301537237,5.013195881076744,9.152883146726664,9.168635249655376,4.716114310833133,0.9571682948139065,0.8369967841944594
-0.5007084383066546,0.05420495406717436,4.809511174425593,5.013195881076744,9.152883146726664,9.168635249655376,4.716114310833133,0.9649752382850134,0.8369967841944594
-0.49958011479338355,0.056048828563869516,4.6605608090351796,5.013195881076744,9.152883146726664,9.168635249655376,4.716114310833133,0.9649752382850134,0.8464094195963039
-0.5183066974378476,0.05063284368226805,4.536971774872476,5.014154397354113,9.152883146726664,9.168635249655376,4.716114310833133,0.9649752382850134,0.8464094195963039
-0.5194491686047663,-0.05585176349821461,4.662830895791978,5.014154397354113,9.143103986027889,9.168635249655376,4.716114310833133,0.9649752382850134,0.8464094195963039
-0.5196754680972269,0.0456455234966704,4.816613038860486,5.014154397354113,9.143103986027889,9.159163453904611,4.716114310833133,0.9649752382850134,0.8464094195963039
-0.4988770956812032,-0.04753665565391394,4.709193000404251,5.014154397354113,9.143103986027889,9.159163453904611,4.7176426857002145,0.9649752382850134,0.8464094195963039
-0.5197922304211325,0.05608129798964042,4.805390935818625,5.014154397354113,9.143103986027889,9.159163453904611,4.7176426857002145,0.9730689000062392,0.8464094195963039
-0.517801834801389,0.05793383140355649,4.644465229750703,5.014154397354113,9.143103986027889,9.159163453904611,4.7176426857002145,0.9730689000062392,0.8561711731545204
-0.535939074073739,0.05237655530499576,4.51463645184272,5.015141512034232,9.143103986027889,9.159163453904611,4.7176426857002145,0.9730689000062392,0.8561711731545204
-0.5377198129264884,-0.05767320070417992,4.647767549341737,5.015141512034232,9.132974026920579,9.159163453904611,4.7176426857002145,0.9730689000062392,0.8561711731545204
-0.5387655225146571,0.047532170110338806,4.8128717081784975,5.015141512034232,9.132974026920579,9.149351926998811,4.7176426857002145,0.9730689000062392,0.8561711731545204
-0.5174925986148634,-0.049333876213802905,4.711123817548375,5.015141512034232,9.132974026920579,9.149351926998811,4.71922324564888,0.9730689000062392,0.8561711731545204
-0.5388536043942759,0.057955975482256845,4.8008842626145025,5.015141512034232,9.132974026920579,9.149351926998811,4.71922324564888,0.9814479934976795,0.8561711731545204
-0.5359409558183877,0.05981230253074626,4.628000852541929,5.015141512034232,9.132974026920579,9.149351926998811,4.71922324564888,0.9814479934976795,0.8662809859569952
-0.5534580002291323,0.05411081287875295,4.4919509621141165,5.016156565692846,9.132974026920579,9.149351926998811,4.71922324564888,0.9814479934976795,0.8662809859569952
-0.5559135584991097,-0.05948836050334416,4.632388959888446,5.016156565692846,9.122494172100016,9.149351926998811,4.71922324564888,0.9814479934976795,0.8662809859569952
-0.5578352053152731,0.04941752921965173,4.808795174511997,5.016156565692846,9.122494172100016,9.13920181613536,4.71922324564888,0.9814479934976795,0.8662809859569952
-0.5361158269077384,-0.05113181263929644,4.712679537254746,5.016156565692846,9.122494172100016,9.13920181613536,4.720855501086359,0.9814479934976795,0.8662809859569952
-0.557890629686503,0.05982883058179389,4.795991546112161,5.016156565692846,9.122494172100016,9.13920181613536,4.720855501086359,0.9901112030343532,0.8662809859569952
-0.553995641238977,0.06168410003982042,4.611169314420509,5.016156565692846,9.122494172100016,9.13920181613536,4.720855501086359,0.9901112030343532,0.8767377573323749
-0.5708617375415782,0.05583547449340946,4.468917686811903,5.01719887850303,9.122494172100016,9.13920181613536,4.720855501086359,0.9901112030343532,0.8767377573323749
-0.5740288365105917,-0.06129711797113097,4.6166968034648885,5.01719887850303,9.111665360066015,9.13920181613536,4.720855501086359,0.9901112030343532,0.8767377573323749
-0.5768828427299043,0.05130147246087389,4.804383732802447,5.01719887850303,9.111665360066015,9.128714305166364,4.720855501086359,0.9901112030343532,0.8767377573323749
-0.5547449030169774,-0.05293032141341979,4.713859982178485,5.01719887850303,9.111665360066015,9.128714305166364,4.7225389434954135,0.9901112030343532,0.8767377573323749
-0.5769013779136646,0.06169970749383955,4.790713217834633,5.01719887850303,9.111665360066015,9.128714305166364,4.7225389434954135,0.9990571837473624,0.8767377573323749
-0.5719640628149345,0.06354908276456123,4.593972290914407,5.01719887850303,9.111665360066015,9.128714305166364,4.7225389434954135,0.9990571837473624,0.8875403450276688
-0.5881485597534707,0.05755039901189139,4.445539043804387,5.018267750167938,9.111665360066015,9.128714305166364,4.7225389434954135,0.9990571837473624,0.8875403450276688
-0.5920640866725357,-0.06309934866343425,4.60069278838421,5.018267750167938,9.100488565006888,9.128714305166364,4.7225389434954135,0.9990571837473624,0.8875403450276688
-0.5959067626373938,0.05318387164721197,4.799637711218875,5.018267750167938,9.100488565006888,9.117890614524642,4.7225389434954135,0.9990571837473624,0.8875403450276688
-0.5733779486957792,-0.05472925898760452,4.714665013361162,5.018267750167938,9.100488565006888,9.117890614524642,4.7242730454641615,0.9990571837473624,0.8875403450276688
-0.5958839230480387,0.06356845060539627,4.785049749482091,5.018267750167938,9.100488565006888,9.117890614524642,4.7242730454641615,1.008284561726516,0.8875403450276688
-0.5898444008464627,0.06540711029753739,4.576411495916435,5.018267750167938,9.100488565006888,9.117890614524642,4.7242730454641615,1.008284561726516,0.8986875653893656
-0.6053167528951771,0.059255446078917015,4.421817487507545,5.019362459849214,9.100488565006888,9.117890614524642,4.7242730454641615,1.008284561726516,0.8986875653893656
-0.6100177573804345,-0.06489492862231493,4.584378655097951,5.019362459849214,9.088964796680472,9.117890614524642,4.7242730454641615,1.008284561726516,0.8986875653893656
-0.6149052947306579,0.055064598781651056,4.794557471111918,5.019362459849214,9.088964796680472,9.10673200114652,4.7242730454641615,1.008284561726516,0.8986875653893656
-0.5920130851851659,-0.056528481797161925,4.715094530243663,5.019362459849214,9.088964796680472,9.10673200114652,4.726057260716746,1.008284561726516,0.8986875653893656
-0.6148363416190717,0.06543490449741354,4.7790016528815285,5.019362459849214,9.088964796680472,9.10673200114652,4.726057260716746,1.0177919341243797,0.8986875653893656
-0.6076348443726386,0.06725804300954344,4.558488681529872,5.019362459849214,9.088964796680472,9.10673200114652,4.726057260716746,1.0177919341243797,0.9101781935480531
-0.622364615467193,0.060950476129443175,4.397755508687852,5.0204822660907915,9.088964796680472,9.10673200114652,4.726057260716746,1.0177919341243797,0.9101781935480531
-0.6278883058731873,-0.0666837343812761,4.567756176051472,5.0204822660907915,9.077095100292269,9.10673200114652,4.726057260716746,1.0177919341243797,0.9101781935480531
-0.6338767706825011,0.0569435260698574,4.789143406964553,5.0204822660907915,9.077095100292269,9.095239758391449,4.726057260716746,1.0177919341243797,0.9101781935480531
-0.6106484334058004,-0.05832784627677797,4.715148470675432,5.0204822660907915,9.077095100292269,9.095239758391449,4.7278910241448235,1.0177919341243797,0.9101781935480531
-0.6337567129138489,0.06729891395720888,4.7725694799331,5.0204822660907915,9.077095100292269,9.095239758391449,4.7278910241448235,1.02757786926172,0.9101781935480531
-0.625333591361055,0.06910174206914245,4.540205637911242,5.0204822660907915,9.077095100292269,9.095239758391449,4.7278910241448235,1.02757786926172,0.9220109636065275
-0.6392904586213165,0.06263535039674727,4.373355634263417,5.021626406737785,9.077095100292269,9.095239758391449,4.7278910241448235,1.02757786926172,0.9220109636065275
-0.6456741983918659,-0.06846564297012829,4.550827155536821,5.021626406737785,9.064880556370715,9.095239758391449,4.7278910241448235,1.02757786926172,0.9220109636065275
-0.652819524311172,0.05882052593306448,4.783395946339521,5.021626406737785,9.064880556370715,9.083415215958453,4.7278910241448235,1.02757786926172,0.9220109636065275
-0.6292821141498279,-0.06012720887598276,4.714826810920114,5.021626406737785,9.064880556370715,9.083415215958453,4.729773751839885,1.02757786926172,0.9220109636065275
-0.6526431191772771,0.06916032399083641,4.765753822553121,5.021626406737785,9.064880556370715,9.083415215958453,4.729773751839885,1.037640906734297,0.9220109636065275
-0.6429388488966372,0.07093806946229483,4.521564193110267,5.021626406737785,9.064880556370715,9.083415215958453,4.729773751839885,1.037640906734297,0.934184568831379
-0.6560926063408298,0.06430993092020813,4.348620427103546,5.022794098850174,9.064880556370715,9.083415215958453,4.729773751839885,1.037640906734297,0.934184568831379
-0.6633739103377164,-0.07024053191940877,4.533593429543036,5.022794098850174,9.052322280639633,9.083415215958453,4.729773751839885,1.037640906734297,0.934184568831379
-0.6717318917456397,0.06069547102101675,4.777315549823436,5.022794098850174,9.052322280639633,9.071259739799455,4.729773751839885,1.037640906734297,0.934184568831379
-0.6479122482727242,-0.12385285214940069,4.714129565657581,5.022794098850174,9.052322280639633,9.071259739799455,4.732941590385016,1.037640906734297,0.934184568831379
-0.6714936458119651,0.07039116585204686,4.758555312613724,5.022794098850174,9.052322280639633,9.071259739799455,4.732941590385016,1.0479865800443815,0.934184568831379
-0.6604488333696221,0.07276092506762503,4.50256621290707,5.022794098850174,9.052322280639633,9.071259739799455,4.732941590385016,1.0479865800443815,0.9466976096393727
-0.672769395619686,0.06597402288782532,4.323552485826849,5.023984537457692,9.052322280639633,9.071259739799455,4.732941590385016,1.0479865800443815,0.9466976096393727
-0.6809859264293875,-0.0720082798693927,4.516056865603969,5.023984537457692,9.039421423882638,9.071259739799455,4.732941590385016,1.0479865800443815,0.9466976096393727
-0.6906122115905784,0.06194067746600241,4.770902710967598,5.023984537457692,9.039421423882638,9.058781194376841,4.732941590385016,1.0479865800443815,0.9466976096393727
-0.6665378326322838,-0.12499859715523519,4.71305771250547,5.023984537457692,9.039421423882638,9.058781194376841,4.736140701759929,1.0479865800443815,0.9466976096393727
-0.6903064181000641,0.07226740743804508,4.750974645846584,5.023984537457692,9.039421423882638,9.058781194376841,4.736140701759929,1.0586061160672102,0.9466976096393727
-0.6778617707486172,0.07458242858195197,4.483213600882008,5.023984537457692,9.039421423882638,9.058781194376841,4.736140701759929,1.0586061160672102,0.959548753635443
-0.6893191766398947,0.06762760948514811,4.298154444597355,5.0251968990091855,9.039421423882638,9.058781194376841,4.736140701759929,1.0586061160672102,0.959548753635443
-0.6985087408593552,-0.07377469739637907,4.498219362643602,5.0251968990091855,9.026179120689266,9.058781194376841,4.736140701759929,1.0586061160672102,0.959548753635443
-0.7094587817480494,0.06383181213844392,4.764157927371935,5.0251968990091855,9.026179120689266,9.045974350789209,4.736140701759929,1.0586061160672102,0.959548753635443
-0.6851551863655208,-0.12862089208534502,4.711610843347667,5.0251968990091855,9.026179120689266,9.045974350789209,4.739419766810721,1.0586061160672102,0.959548753635443
-0.7090794668937652,0.07410260431140474,4.743012535994352,5.0251968990091855,9.026179120689266,9.045974350789209,4.739419766810721,1.0694983937539857,0.959548753635443
-0.6951758962689859,0.07639566676136256,4.463508297800997,5.0251968990091855,9.026179120689266,9.045974350789209,4.739419766810721,1.0694983937539857,0.9727365685231483
-0.7057403129517777,0.06927043072989049,4.272428972921775,5.026430336381481,9.026179120689266,9.045974350789209,4.739419766810721,1.0694983937539857,0.9727365685231483
-0.7159408573275604,-0.07552746868628542,4.480082850560127,5.026430336381481,9.012596645897942,9.045974350789209,4.739419766810721,1.0694983937539857,0.9727365685231483
-0.7282700194734456,0.0656825266522714,4.757081763502455,5.026430336381481,9.012596645897942,9.032841074755211,4.739419766810721,1.0694983937539857,0.9727365685231483
-0.7037633995726923,-0.13214446619287645,4.7097891555524045,5.026430336381481,9.012596645897942,9.032841074755211,4.742775876846321,1.0694983937539857,0.9727365685231483
-0.7278109154289781,0.0759363786927851,4.734669735472399,5.026430336381481,9.012596645897942,9.032841074755211,4.742775876846321,1.080661817668024,0.9727365685231483
-0.7123894556125067,0.07820101679157905,4.443452281641798,5.026430336381481,9.012596645897942,9.032841074755211,4.742775876846321,1.080661817668024,0.9862595864626681
-0.7220311816447464,0.07090247588470622,4.246378775441782,5.027683983744777,9.012596645897942,9.032841074755211,4.742775876846321,1.080661817668024,0.9862595864626681
-0.7332807898263373,-0.07727321808193843,4.461649290560601,5.027683983744777,8.99867525053057,9.032841074755211,4.742775876846321,1.080661817668024,0.9862595864626681
-0.7470442392486363,0.06753248036294768,4.749674810083606,5.027683983744777,8.99867525053057,9.01938285749811,4.742775876846321,1.080661817668024,0.9862595864626681
-0.7223605521960548,-0.1356704564301821,4.707592838145033,5.027683983744777,8.99867525053057,9.01938285749811,4.746208125164456,1.080661817668024,0.9862595864626681
-0.7464988623147338,0.07776676046863605,4.725947035996134,5.027683983744777,8.99867525053057,9.01938285749811,4.746208125164456,1.0920947845582714,0.9862595864626681
-0.729500704234943,0.07999831892288141,4.423047567431797,5.027683983744777,8.99867525053057,9.01938285749811,4.746208125164456,1.0920947845582714,1.0001162995588646
-0.7381901735287926,0.07252354402275407,4.220006591729876,5.028956952616449,8.99867525053057,9.01938285749811,4.746208125164456,1.0920947845582714,1.0001162995588646
-0.7505270616164799,-0.07901131568296095,4.442920674775269,5.028956952616449,8.9844162245331,9.01938285749811,4.746208125164456,1.0920947845582714,1.0001162995588646
-0.7657797929648688,0.06937972968137943,4.74193769147344,5.028956952616449,8.9844162245331,9.0056012447744,4.746208125164456,1.0920947845582714,1.0001162995588646
-0.7409447721765859,-0.13919459830143835,4.705022120748458,5.028956952616449,8.9844162245331,9.0056012447744,4.749715496317462,1.0920947845582714,1.0001162995588646
-0.7651414119414853,0.07959367365871978,4.716845268908237,5.028956952616449,8.9844162245331,9.0056012447744,4.749715496317462,1.1037956621777991,1.0001162995588646
-0.7465079078447562,0.08178744102552059,4.402296207075362,5.028956952616449,8.9844162245331,9.0056012447744,4.749715496317462,1.1037956621777991,1.0143051603068698
-0.7542156933029045,0.07413350836131101,4.193315196080485,5.030248333206272,8.9844162245331,9.0056012447744,4.749715496317462,1.1037956621777991,1.0143051603068698
-0.7676782063541648,-0.08074166933871413,4.42389902608562,5.030248333206272,8.969820891989697,9.0056012447744,4.749715496317462,1.1037956621777991,1.0143051603068698
-0.7844750338504061,0.07122422621786548,4.733871064610173,5.030248333206272,8.969820891989697,8.99149781715422,4.749715496317462,1.1037956621777991,1.0143051603068698
-0.7595141868981244,-0.1427167682353336,4.702077271463193,5.030248333206272,8.969820891989697,8.99149781715422,4.7532969490923955,1.1037956621777991,1.0143051603068698
-0.7837366729791421,0.0814169631132983,4.7073653050742195,5.030248333206272,8.969820891989697,8.99149781715422,4.7532969490923955,1.1157627902949674,1.0143051603068698
-0.7634093425641693,0.08356825140728356,4.381200289175306,5.030248333206272,8.969820891989697,8.99149781715422,4.7532969490923955,1.1157627902949674,1.0288245818029682
-0.7701061597315211,0.07573223638643214,4.166307397302632,5.031557194151445,8.969820891989697,8.99149781715422,4.7532969490923955,1.1157627902949674,1.0288245818029682
-0.7847327679164817,-0.08246415889887398,4.404586397954086,5.031557194151445,8.954890611221966,8.99149781715422,4.7532969490923955,1.1157627902949674,1.0288245818029682
-0.8031283186790333,0.07306584238161097,4.725475618985731,5.031557194151445,8.954890611221966,8.97707419073904,4.7532969490923955,1.1157627902949674,1.0288245818029682
-0.7780669253317045,-0.14623668052435074,4.698758596920488,5.031557194151445,8.954890611221966,8.97707419073904,4.756951413307498,1.1157627902949674,1.0288245818029682
-0.8022827586512027,0.08323647722972213,4.697508054800138,5.031557194151445,8.954890611221966,8.97707419073904,4.756951413307498,1.1279944807728972,1.0288245818029682
-0.7802032951119339,0.08534061932759886,4.359761938852276,5.031557194151445,8.954890611221966,8.97707419073904,4.756951413307498,1.1279944807728972,1.043672937963127
-0.7858600058156252,0.07731959684018708,4.138986038511519,5.032882582383351,8.954890611221966,8.97707419073904,4.756951413307498,1.1279944807728972,1.043672937963127
-0.8016893005768966,-0.08417866604306459,4.3849848742557676,5.032882582383351,8.93962677462897,8.97707419073904,4.756951413307498,1.1279944807728972,1.043672937963127
-0.821738007839709,0.07490445414032271,4.716752076561186,5.032882582383351,8.93962677462897,8.962332017016566,4.756951413307498,1.1279944807728972,1.043672937963127
-0.7966011181492391,-0.14975405618191684,4.695066442244233,5.032882582383351,8.93962677462897,8.962332017016566,4.760677789991809,1.1279944807728972,1.043672937963127
-0.820777786928397,0.0850520646090061,4.687274467745884,5.032882582383351,8.93962677462897,8.962332017016566,4.760677789991809,1.140489017687826,1.043672937963127
-0.7968880629840693,0.08710441504977377,4.337983317561809,5.032882582383351,8.93962677462897,8.962332017016566,4.760677789991809,1.140489017687826,1.0588485637450995
-0.8014756789638772,0.07889545930250302,4.111353996919852,5.034223522976983,8.93962677462897,8.962332017016566,4.760677789991809,1.140489017687826,1.0588485637450995
-0.8185463691545471,-0.0858850729111783,4.365096569107623,5.034223522976983,8.924030808536534,8.962332017016566,4.760677789991809,1.140489017687826,1.0588485637450995
-0.8403024655025628,0.0767399376849489,4.7077011916813465,5.034223522976983,8.924030808536534,8.94727298274762,4.760677789991809,1.140489017687826,1.0588485637450995
-0.8151148979184749,-0.1532686163548439,4.691001191012757,5.034223522976983,8.924030808536534,8.94727298274762,4.7644749514335265,1.140489017687826,1.0588485637450995
-0.839219880725219,0.08686357420077764,4.676665532835283,5.034223522976983,8.924030808536534,8.94727298274762,4.7644749514335265,1.1532446574468342,1.0588485637450995
-0.8134619546336587,0.08885950985846337,4.315866622909152,5.034223522976983,8.924030808536534,8.94727298274762,4.7644749514335265,1.1532446574468342,1.0743497553737729
-0.8169516411626293,0.08045969421600582,4.083414183629068,5.035579018991422,8.924030808536534,8.94727298274762,4.7644749514335265,1.1532446574468342,1.0743497553737729
-0.8353025491639855,-0.08758326216034651,4.344923626695544,5.035579018991422,8.908104173043688,8.94727298274762,4.7644749514335265,1.1532446574468342,1.0743497553737729
-0.8588200597804001,0.07857216957583396,4.698323750985955,5.035579018991422,8.908104173043688,8.931898809848747,4.7644749514335265,1.1532446574468342,1.0743497553737729
-0.8336063992944677,-0.15678008261449522,4.686563265216851,5.035579018991422,8.908104173043688,8.931898809848747,4.768341741234895,1.1532446574468342,1.0743497553737729
-0.8576071680958581,0.08867085530852273,4.665682278162966,5.035579018991422,8.908104173043688,8.931898809848747,4.768341741234895,1.1662596289064724,1.0743497553737729
-0.8299232896496689,0.09060577608134272,4.293414088461924,5.035579018991422,8.908104173043688,8.931898809848747,4.768341741234895,1.1662596289064724,1.0901747705697713
-0.8322863691449208,0.08201217288803761,4.05516954342059,5.0369480513003495,8.908104173043688,8.931898809848747,4.768341741234895,1.1662596289064724,1.0901747705697713
-0.8519564269639613,-0.08927311696025235,4.324468221099369,5.0369480513003495,8.891848361866764,8.931898809848747,4.768341741234895,1.1662596289064724,1.0901747705697713
-0.8772891628899112,0.08040102675046297,4.688620573317627,5.0369480513003495,8.891848361866764,8.916211255271968,4.768341741234895,1.1662596289064724,1.0901747705697713
-0.8520737592109457,-0.16028817697845288,4.681753125214144,5.0369480513003495,8.891848361866764,8.916211255271968,4.772276974368192,1.1662596289064724,1.0901747705697713
-0.8759377824296521,0.09047375760017601,4.65432577089803,5.0369480513003495,8.891848361866764,8.916211255271968,4.772276974368192,1.1795321334921651,1.0901747705697713
-0.8462703989347854,0.09234308711081993,4.270627983560692,5.0369480513003495,8.891848361866764,8.916211255271968,4.772276974368192,1.1795321334921651,1.1063218287812808
-0.8474783545584479,0.08355276749308901,4.02662305454737,5.038329578412042,8.891848361866764,8.916211255271968,4.772276974368192,1.1795321334921651,1.1063218287812808
-0.8685065999053012,-0.09095452099002946,4.3037325561158335,5.038329578412042,8.87526490218123,8.916211255271968,4.772276974368192,1.1795321334921651,1.1063218287812808
-0.8957081513124028,0.08222638653662698,4.678592509626493,5.038329578412042,8.87526490218123,8.900212110881712,4.772276974368192,1.1795321334921651,1.1063218287812808
-0.870515117071415,-0.16379262194266614,4.676571269679862,5.038329578412042,8.87526490218123,8.900212110881712,4.776279437232973,1.1795321334921651,1.1063218287812808
-0.8942098626460421,0.09227213111828393,4.642597117184507,5.038329578412042,8.87526490218123,8.900212110881712,4.776279437232973,1.193060345318339,1.1063218287812808
-0.8625016248822458,0.09407131742603111,4.247510613127535,5.038329578412042,8.87526490218123,8.900212110881712,4.776279437232973,1.193060345318339,1.1227891114190693
-0.8625261041325141,0.08508135107464762,3.9977777285258904,5.03972253627821,8.87526490218123,8.900212110881712,4.776279437232973,1.193060345318339,1.1227891114190693
-0.8849516764778668,-0.09262735843423593,4.282718865079559,5.03972253627821,8.8583553544613,8.900212110881712,4.776279437232973,1.193060345318339,1.1227891114190693
-0.9140754059540391,0.08404812666550876,4.668240442871581,5.03972253627821,8.8583553544613,8.883903203328922,4.776279437232973,1.193060345318339,1.1227891114190693
-0.8889286149399871,-0.1672931405133507,4.671018235553918,5.03972253627821,8.8583553544613,8.883903203328922,4.780347887714551,1.193060345318339,1.1227891114190693
-0.9124215533890107,0.09406582628994999,4.630497462038654,5.03972253627821,8.8583553544613,8.883903203328922,4.780347887714551,1.2068424113092093,1.1227891114190693
-0.8786153215516634,0.09579034261511206,4.224064317472673,5.03972253627821,8.8583553544613,8.883903203328922,4.780347887714551,1.2068424113092093,1.1395747620946681
-0.8774281398439633,0.08659779754639867,3.9686366099288635,5.041125838091025,8.8583553544613,8.883903203328922,4.780347887714551,1.2068424113092093,1.1395747620946681
-0.9012902764565848,-0.09429151397782895,4.261429410682103,5.041125838091025,8.841121312317375,8.883903203328922,4.780347887714551,1.2068424113092093,1.1395747620946681
-0.9323893123055786,0.0858661252847424,4.6575652879189215,5.041125838091025,8.841121312317375,8.867286393922376,4.780347887714551,1.2068424113092093,1.1395747620946681
-0.9073123977319132,-0.17078945623891062,4.665094597984385,5.041125838091025,8.841121312317375,8.867286393922376,4.784481055243654,1.2068424113092093,1.1395747620946681
-0.9305710052209917,0.09585469393655477,4.618027989243105,5.041125838091025,8.841121312317375,8.867286393922376,4.784481055243654,1.2208764513201646,1.1395747620946681
-0.8946098548438273,0.09750003939784212,4.200291472099276,5.041125838091025,8.841121312317375,8.867286393922376,4.784481055243654,1.2208764513201646,1.1566768868616844
-0.8921829990821024,0.0881019816928142,3.9392027761788566,5.042538374067645,8.841121312317375,8.867286393922376,4.784481055243654,1.2208764513201646,1.1566768868616844
-0.9175210310465363,-0.09594687280014919,4.23986648478913,5.042538374067645,8.823564402331384,8.867286393922376,4.784481055243654,1.2208764513201646,1.1566768868616844
-0.950648260601588,0.08768026097154162,4.646567991436405,5.042538374067645,8.823564402331384,8.85036357849726,4.784481055243654,1.2208764513201646,1.1566768868616844
-0.9256646134038063,-0.1742812932418502,4.658800970267307,5.042538374067645,8.823564402331384,8.85036357849726,4.788677640857233,1.2208764513201646,1.1566768868616844
-0.9486563748162328,0.09763858528319429,4.605189921237866,5.042538374067645,8.823564402331384,8.85036357849726,4.788677640857233,1.2351605582596836,1.1566768868616844
-0.9104836026744689,0.09920028564860273,4.176194487506488,5.042538374067645,8.823564402331384,8.85036357849726,4.788677640857233,1.2351605582596836,1.1740935544602096
-0.9067892348126186,0.08959377916904067,3.909479337343101,5.043959011221482,8.823564402331384,8.85036357849726,4.788677640857233,1.2351605582596836,1.1740935544602096
-0.933642583027095,-0.0975933205678172,4.2180324082557625,5.043959011221482,8.805686283890092,8.85036357849726,4.788677640857233,1.2351605582596836,1.1740935544602096
-0.9688506459791191,0.08949041274587433,4.635249531785362,5.043959011221482,8.805686283890092,8.83313668728104,4.788677640857233,1.2351605582596836,1.1740935544602096
-0.9439834131435317,-0.17776837625081904,4.652138003782878,5.043959011221482,8.805686283890092,8.83313668728104,4.792936317260366,1.2351605582596836,1.1740935544602096
-0.9666758251535956,0.09941735196789828,4.591984519008226,5.043959011221482,8.805686283890092,8.83313668728104,4.792936317260366,1.2496927982117143,1.1740935544602096
-0.9262349551469854,0.10089096041975623,4.1517758089908225,5.043959011221482,8.805686283890092,8.83313668728104,4.792936317260366,1.2496927982117143,1.1918227965642885
-0.921245415740501,0.09107306650011304,3.8794694359297286,5.045386593119439,8.805686283890092,8.83313668728104,4.792936317260366,1.2496927982117143,1.1918227965642885
-0.9496535868951065,-0.09923074342650373,4.195929530740164,5.045386593119439,8.787488649016435,8.83313668728104,4.792936317260366,1.2496927982117143,1.1918227965642885
-0.9869948686358311,0.09129646008367348,4.62361091890891,5.045386593119439,8.787488649016435,8.81560768475663,4.792936317260366,1.2496927982117143,1.1918227965642885
-0.962266951559747,-0.1812504306326359,4.645106387927978,5.045386593119439,8.787488649016435,8.81560768475663,4.797255728889211,1.2496927982117143,1.1918227965642885
-0.9846275257087813,0.10119084605050467,4.578413081969557,5.045386593119439,8.787488649016435,8.81560768475663,4.797255728889211,1.2644712105584486,1.1918227965642885
-0.9418623147241068,0.102571943965393,4.127037916445974,5.045386593119439,8.787488649016435,8.81560768475663,4.797255728889211,1.2644712105584486,1.2098626080324095
-0.9355501264719731,0.09253972107939562,3.8491762466857375,5.046819939624276,8.787488649016435,8.81560768475663,4.797255728889211,1.2644712105584486,1.2098626080324095
-0.9655527090070957,-0.10085902799144669,4.173560230515414,5.046819939624276,8.768973222198959,8.81560768475663,4.797255728889211,1.2644712105584486,1.2098626080324095
-1.0050793339875443,0.09309828293007866,4.611653194217036,5.046819939624276,8.768973222198959,8.797778569522936,4.797255728889211,1.2644712105584486,1.2098626080324095
-0.980513386871074,-0.18472718242441816,4.637706850045057,5.046819939624276,8.768973222198959,8.797778569522936,4.801634491974971,1.2644712105584486,1.2098626080324095
-1.0025096526459611,0.10295892002128453,4.564476947849072,5.046819939624276,8.768973222198959,8.797778569522936,4.801634491974971,1.2794938081034166,1.2098626080324095
-0.9573640963984985,0.10424311776556539,4.10198332416118,5.046819939624276,8.768973222198959,8.797778569522936,4.801634491974971,1.2794938081034166,1.2282109471609788
-0.9497019676754513,0.09399362116626343,3.818602976396961,5.048257846621221,8.768973222198959,8.797778569522936,4.801634491974971,1.2794938081034166,1.2282109471609788
-0.9813386277204958,-0.10247806133669857,4.150926914279743,5.048257846621221,8.750141760219412,8.797778569522936,4.801634491974971,1.2794938081034166,1.2282109471609788
-1.0231024528252055,0.09489576171274626,4.5993774304684525,5.048257846621221,8.750141760219412,8.779651374152804,4.801634491974971,1.2794938081034166,1.2282109471609788
-0.998720881094884,-0.18819835836570573,4.629940155347404,5.048257846621221,8.750141760219412,8.779651374152804,4.806071194608801,1.2794938081034166,1.2282109471609788
-1.020320389008801,0.10472142680920801,4.550177492564526,5.048257846621221,8.750141760219412,8.779651374152804,4.806071194608801,1.2947585771948278,1.2282109471609788
-0.972738727862291,0.10590436455097639,4.076614580618231,5.048257846621221,8.750141760219412,8.779651374152804,4.806071194608801,1.2947585771948278,1.2468657359407347
-0.9636995562415367,0.0954346458829662,3.7877528636903643,5.049699085727878,8.750141760219412,8.779651374152804,4.806071194608801,1.2947585771948278,1.2468657359407347
-0.9970100335338881,-0.10408773098298259,4.128032016965167,5.049699085727878,8.730996051978607,8.779651374152804,4.806071194608801,1.2947585771948278,1.2468657359407347
-1.0410626414712536,0.09668877735522034,4.586784731649212,5.049699085727878,8.730996051978607,8.761228165048381,4.806071194608801,1.2947585771948278,1.2468657359407347
-1.016887600235676,-0.19166368593070718,4.6218071068407465,5.049699085727878,8.730996051978607,8.761228165048381,4.81056439680762,1.2947585771948278,1.2468657359407347
-1.0380579249108637,0.10647821978987779,4.5355161300999205,5.049699085727878,8.730996051978607,8.761228165048381,4.81056439680762,1.3102634778490796,1.2468657359407347
-0.9879846496755237,0.10755556832821288,4.050934268287232,5.049699085727878,8.730996051978607,8.761228165048381,4.81056439680762,1.3102634778490796,1.2658248603160605
-0.9775415254420589,0.09686267521061329,3.7566291788389985,5.051142403986452,8.730996051978607,8.761228165048381,4.81056439680762,1.3102634778490796,1.2658248603160605
-1.012565629226243,-0.1056879248840458,4.10487800154462,5.051142403986452,8.711537918320591,8.761228165048381,4.81056439680762,1.3102634778490796,1.2658248603160605
-1.0589583219353655,0.0984772112903118,4.573876232848096,5.051142403986452,8.711537918320591,8.742511042293977,4.81056439680762,1.3102634778490796,1.2658248603160605
-1.03501171447303,-0.1951228933605431,4.613308545241245,5.051142403986452,8.711537918320591,8.742511042293977,4.815112630580753,1.3102634778490796,1.2658248603160605
-1.055720457725373,0.10822915279310594,4.520494312378223,5.051142403986452,8.711537918320591,8.742511042293977,4.815112630580753,1.3260064438743537,1.2658248603160605
-1.0031003154334972,0.10919661440551025,4.024945003421247,5.051142403986452,8.711537918320591,8.742511042293977,4.815112630580753,1.3260064438743537,1.2850861704471475
-0.9912265250881838,0.09827758998426334,3.7252352235699586,5.052586523537201,8.711537918320591,8.742511042293977,4.815112630580753,1.3260064438743537,1.2850861704471475
-1.0280041299951557,-0.10727853141145373,4.081467358837619,5.052586523537201,8.691769211855215,8.742511042293977,4.815112630580753,1.3260064438743537,1.2850861704471475
-1.0767879220695704,0.10026094547357835,4.560653100128775,5.052586523537201,8.691769211855215,8.723502139506435,4.815112630580753,1.3260064438743537,1.2850861704471475
-1.0530913983491188,-0.19857570969558913,4.604445348889827,5.052586523537201,8.691769211855215,8.723502139506435,4.819714399997359,1.3260064438743537,1.2850861704471475
-1.0733061922743266,0.1099740801101017,4.505113529131126,5.052586523537201,8.691769211855215,8.723502139506435,4.819714399997359,1.341985382994217,1.2850861704471475
-1.0180841919330248,0.11082738941914658,3.9986494358499383,5.052586523537201,8.691769211855215,8.723502139506435,4.819714399997359,1.341985382994217,1.3046474809749629
-1.004753221687606,0.09967927188706946,3.6935743308757374,5.054030141272001,8.691769211855215,8.723502139506435,4.819714399997359,1.341985382994217,1.3046474809749629
-1.0433242635940658,-0.10885943933769464,4.057802607314543,5.054030141272001,8.67169181677921,8.723502139506435,4.819714399997359,1.341985382994217,1.3046474809749629
-1.09454987572271,0.10203986239684586,4.547116530398764,5.054030141272001,8.67169181677921,8.704203623683075,4.819714399997359,1.341985382994217,1.3046474809749629
-1.071124830955756,-0.20202186480786316,4.5952184336629145,5.054030141272001,8.67169181677921,8.704203623683075,4.824368181254574,1.341985382994217,1.3046474809749629
-1.0908133410169418,0.11171285650022324,4.4893753077658936,5.054030141272001,8.67169181677921,8.704203623683075,4.824368181254574,1.3581981769711389,1.3046474809749629
-1.032934759337573,0.11244778136048264,3.9720502487723435,5.054030141272001,8.67169181677921,8.704203623683075,4.824368181254574,1.3581981769711389,1.3245065712889685
-1.0181202986008449,0.10106760344338643,3.6616498648293456,5.055471928466812,8.67169181677921,8.704203623683075,4.824368181254574,1.3581981769711389,1.3245065712889685
-1.0585247704684528,-0.11043053781745524,4.033886292899607,5.055471928466812,8.651307648695825,8.704203623683075,4.824368181254574,1.3581981769711389,1.3245065712889685
-1.1122426228942395,0.10381384510178035,4.533267751275163,5.055471928466812,8.651307648695825,8.684617695047239,4.824368181254574,1.3581981769711389,1.3245065712889685
-1.089110196120964,-0.20546108943348576,4.585628752879509,5.055471928466812,8.651307648695825,8.684617695047239,4.829072422746295,1.3581981769711389,1.3245065712889685
-1.1082401242374205,0.11344533719733138,4.473281213229313,5.055471928466812,8.651307648695825,8.684617695047239,4.829072422746295,1.3746426817298376,1.3245065712889685
-1.0476505113412895,0.1140576796037141,3.945150158548903,5.055471928466812,8.651307648695825,8.684617695047239,4.829072422746295,1.3746426817298376,1.34466118579754
-1.0313264561966629,0.10244246801083393,3.6294652204036515,5.056910530391758,8.651307648695825,8.684617695047239,4.829072422746295,1.3746426817298376,1.34466118579754
-1.0736044038910013,-0.11199171636697752,4.009720988772581,5.056910530391758,8.630618654433132,8.684617695047239,4.829072422746295,1.3746426817298376,1.34466118579754
-1.1298646098873408,0.10558277719356791,4.519108020947199,5.056910530391758,8.630618654433132,8.664746586891503,4.829072422746295,1.3746426817298376,1.34466118579754
-1.1070456825950414,-0.20889311520521586,4.575677297204656,5.056910530391758,8.630618654433132,8.664746586891503,4.833825545132556,1.3746426817298376,1.34466118579754
-1.125584770232019,0.11517137791564301,4.456832847868788,5.056910530391758,8.630618654433132,8.664746586891503,4.833825545132556,1.391316727480361,1.34466118579754
-1.0622299553319008,0.11565697493438704,3.9179519144929005,5.056910530391758,8.630618654433132,8.664746586891503,4.833825545132556,1.391316727480361,1.365109034201027
-1.0443704120066364,0.1038037497712358,3.5970238232953817,5.05834456589746,8.630618654433132,8.664746586891503,4.833825545132556,1.391316727480361,1.365109034201027
-1.0885619300957274,-0.11354286484133295,3.9853092951693516,5.05834456589746,8.609626811861096,8.664746586891503,4.833825545132556,1.391316727480361,1.365109034201027
-1.1474142894613424,0.10734654285461527,4.504638628035563,5.05834456589746,8.609626811861096,8.644592565418597,4.833825545132556,1.391316727480361,1.365109034201027
-1.124929484236115,-0.2123176746850613,4.565365094549303,5.05834456589746,8.609626811861096,8.644592565418597,4.838625941409401,1.391316727480361,1.365109034201027
-1.1428455154954074,0.11689083485510718,4.4400318512906125,5.05834456589746,8.609626811861096,8.644592565418597,4.838625941409401,1.4082181188408056,1.365109034201027
-1.0766716125524856,0.11724555957872763,3.8904582986614704,5.05834456589746,8.609626811861096,8.644592565418597,4.838625941409401,1.4082181188408056,1.3858477917673997
-1.0572509008789,0.10515133372035806,3.5643291297542605,5.059772626976146,8.609626811861096,8.644592565418597,4.838625941409401,1.4082181188408056,1.3858477917673997
-1.1033961284110576,-0.11508387340945903,3.960653839181388,5.059772626976146,8.588334129707516,8.644592565418597,4.838625941409401,1.4082181188408056,1.3858477917673997
-1.1648901209834255,0.10910502685836714,4.489860891448585,5.059772626976146,8.588334129707516,8.62415792958007,4.838625941409401,1.4082181188408056,1.3858477917673997
-1.1427598001951516,-0.21573450139695102,4.55469320996652,5.059772626976146,8.588334129707516,8.62415792958007,4.843471976979192,1.4082181188408056,1.3858477917673997
-1.1600206049063078,0.11860356470624651,4.4228799002154595,5.059772626976146,8.588334129707516,8.62415792958007,4.843471976979192,1.4253446349595744,1.3858477917673997
-1.0909740182621077,0.11882332723389828,3.862672125646297,5.059772626976146,8.588334129707516,8.62415792958007,4.843471976979192,1.4253446349595744,1.4068750996104142
-1.0699666751310961,0.10648510565640082,3.5313846264178164,5.061193278295989,8.588334129707516,8.62415792958007,4.843471976979192,1.4253446349595744,1.4068750996104142
-1.1181057913918537,-0.11661463252681484,3.935757274554208,5.061193278295989,8.566742647372905,8.62415792958007,4.843471976979192,1.4253446349595744,1.4068750996104142
-1.1822905705796014,0.11085811458319558,4.474776160235207,5.061193278295989,8.566742647372905,8.603445010912784,4.843471976979192,1.4253446349595744,1.4068750996104142
-1.1605348351004159,-0.21914332985952797,4.543662745544128,5.061193278295989,8.566742647372905,8.603445010912784,4.848361989721276,1.4253446349595744,1.4068750996104142
-1.1771082919123936,0.12030942465443638,4.40537870833112,5.061193278295989,8.566742647372905,8.603445010912784,4.848361989721276,1.4426940296370696,1.4068750996104142
-1.1051357218953082,0.1203901730991821,3.8345962423642095,5.061193278295989,8.566742647372905,8.603445010912784,4.848361989721276,1.4426940296370696,1.4281885649702342
-1.0825165047025602,0.10780495216714896,3.4981938301523954,5.0626050567070005,8.566742647372905,8.603445010912784,4.848361989721276,1.4426940296370696,1.4281885649702342
-1.1326897249503798,-0.11813503290546783,3.9106222814849088,5.0626050567070005,8.544854434744472,8.603445010912784,4.848361989721276,1.4426940296370696,1.4281885649702342
-1.1996141112849448,0.11260569202637638,4.459385813434791,5.0626050567070005,8.544854434744472,8.582456173373254,4.848361989721276,1.4426940296370696,1.4281885649702342
-1.178252799241355,0.2537662207659962,4.532274840293714,5.0626050567070005,8.544854434744472,8.582456173373254,4.843770083603271,1.4426940296370696,1.4281885649702342
-1.1941068387144398,0.1266524619200085,4.387530026142536,5.0626050567070005,8.544854434744472,8.582456173373254,4.843770083603271,1.4602079756692279,1.4281885649702342
-1.119155287220449,0.24397306766004082,3.806233527847829,5.0626050567070005,8.544854434744472,8.582456173373254,4.843770083603271,1.4602079756692279,1.4507252025512636
-1.0948991773057788,0.11023382647580122,3.4647602879009836,5.064028917801573,8.544854434744472,8.582456173373254,4.843770083603271,1.4602079756692279,1.4507252025512636
-1.1471467484862001,-0.11963227169904542,3.885251566418869,5.064028917801573,8.522671686588914,8.582456173373254,4.843770083603271,1.4602079756692279,1.4507252025512636
-1.2168592231930677,0.11903547415701134,4.44369125992377,5.064028917801573,8.522671686588914,8.561140130569717,4.843770083603271,1.4602079756692279,1.4507252025512636
-1.1959098688429939,-0.244795840406746,4.520526918436165,5.064028917801573,8.522671686588914,8.561140130569717,4.849170269689689,1.4602079756692279,1.4507252025512636
-1.2110142545215634,0.12483470980797005,4.3693354689709984,5.064028917801573,8.522671686588914,8.561140130569717,4.849170269689689,1.477982907550571,1.4507252025512636
-1.1330308309874362,0.24214651430744671,3.7775826474499357,5.064028917801573,8.522671686588914,8.561140130569717,4.849170269689689,1.477982907550571,1.4735099073964684
-1.1071135329434012,0.1114755814864674,3.431087605949834,5.06543975023216,8.522671686588914,8.561140130569717,4.849170269689689,1.477982907550571,1.4735099073964684
-1.161475695287832,-0.12109141307173278,3.859647862457819,5.06543975023216,8.500196735467195,8.561140130569717,4.849170269689689,1.477982907550571,1.4735099073964684
-1.234024742502127,0.11579858315775896,4.427694170657066,5.06543975023216,8.500196735467195,8.539610208855487,4.849170269689689,1.477982907550571,1.4735099073964684
-1.2135126595511387,0.2622092757512134,4.508423885553951,5.06543975023216,8.500196735467195,8.539610208855487,4.8444020817756535,1.477982907550571,1.4735099073964684
-1.2278294489966735,0.1315225024046027,4.35079694268984,5.06543975023216,8.500196735467195,8.539610208855487,4.8444020817756535,1.4959132039938217,1.4735099073964684
-1.1467656535174304,0.24542422765133184,3.748644270850542,5.06543975023216,8.500196735467195,8.539610208855487,4.8444020817756535,1.4959132039938217,1.4965795396832768
-1.1191583312575422,0.11277349547092354,3.3971793757214623,5.066837412974392,8.500196735467195,8.539610208855487,4.8444020817756535,1.4959132039938217,1.4965795396832768
-1.1756754121008657,-0.12262397714260574,3.833813930035838,5.066837412974392,8.477431117504887,8.539610208855487,4.8444020817756535,1.4959132039938217,1.4965795396832768
-1.2511082149505668,0.12264228997372222,4.4113957094921155,5.066837412974392,8.477431117504887,8.517752685865226,4.8444020817756535,1.4959132039938217,1.4965795396832768
-1.231046053289323,-0.252127557347117,4.4959626006990465,5.066837412974392,8.477431117504887,8.517752685865226,4.849942457479392,1.4959132039938217,1.4965795396832768
-1.2445499309639363,0.12815946750283058,4.331916155245871,5.066837412974392,8.477431117504887,8.517752685865226,4.849942457479392,1.5141187284484912,1.4965795396832768
-1.1603540183577554,0.24830239500211376,3.719421267746267,5.066837412974392,8.477431117504887,8.517752685865226,4.849942457479392,1.5141187284484912,1.51992839300948
-1.1310324463603736,0.11405136780414823,3.36303923612805,5.068220204846716,8.477431117504887,8.517752685865226,4.849942457479392,1.5141187284484912,1.51992839300948
-1.1897447564182788,-0.12405631965423962,3.807752551502698,5.068220204846716,8.45437768235723,8.517752685865226,4.849942457479392,1.5141187284484912,1.51992839300948
-1.2681093734164788,0.11923875419202658,4.394797693474028,5.068220204846716,8.45437768235723,8.49568844952329,4.849942457479392,1.5141187284484912,1.51992839300948
-1.2485224906323846,0.26985880175357185,4.483148719130734,5.068220204846716,8.45437768235723,8.49568844952329,4.845011968680955,1.5141187284484912,1.51992839300948
-1.2611748770245066,0.13504858346299908,4.312695137564775,5.068220204846716,8.45437768235723,8.49568844952329,4.845011968680955,1.5324719804046214,1.51992839300948
-1.1737946619284891,0.25135039677540477,3.689916503486285,5.068220204846716,8.45437768235723,8.49568844952329,4.845011968680955,1.5324719804046214,1.5435550949010508
-1.1427347366264655,0.11531733994130659,3.3286708539741356,5.069586559355682,8.45437768235723,8.49568844952329,4.845011968680955,1.5324719804046214,1.5435550949010508
-1.2036826088774872,-0.12556840166196717,3.7814665379876136,5.069586559355682,8.431037984787826,8.49568844952329,4.845011968680955,1.5324719804046214,1.5435550949010508
-1.2850254611189957,0.12621117972028492,4.377901323561656,5.069586559355682,8.431037984787826,8.473299579156889,4.845011968680955,1.5324719804046214,1.5435550949010508
-1.2659256281208369,0.2528587615380471,4.469978931318524,5.069586559355682,8.431037984787826,8.473299579156889,4.840446177035527,1.5324719804046214,1.5435550949010508
-1.2777016477092078,0.13649222744394793,4.2931356795914155,5.069586559355682,8.431037984787826,8.473299579156889,4.840446177035527,1.5510371171793957,1.5435550949010508
-1.187086179689002,0.25427409838729265,3.6601328743431725,5.069586559355682,8.431037984787826,8.473299579156889,4.840446177035527,1.5510371171793957,1.5674559971150837
-1.1542640812226528,0.11656686886003158,3.2940779257378376,5.070934789368941,8.431037984787826,8.473299579156889,4.840446177035527,1.5510371171793957,1.5674559971150837
-1.217487851923606,-0.12697784717524707,3.7549587224417604,5.070934789368941,8.407414941293847,8.473299579156889,4.840446177035527,1.5510371171793957,1.5674559971150837
-1.3018562857173988,0.12767359350257892,4.360708488183727,5.070934789368941,8.407414941293847,8.45065265334657,4.840446177035527,1.5510371171793957,1.5674559971150837
-1.2832654387908118,0.25718005436387653,4.456453958618562,5.070934789368941,8.407414941293847,8.45065265334657,4.8358170875641155,1.5510371171793957,1.5674559971150837
-1.294129244398926,0.1382422523922891,4.273239702533919,5.070934789368941,8.407414941293847,8.45065265334657,4.8358170875641155,1.5698078850433408,1.5674559971150837
-1.200227196960386,0.2571843694491455,3.6300733036800366,5.070934789368941,8.407414941293847,8.45065265334657,4.8358170875641155,1.5698078850433408,1.5916282679471419
-1.1656193776172499,0.11780254822255244,3.259264177195482,5.0722632295727275,8.407414941293847,8.45065265334657,4.8358170875641155,1.5698078850433408,1.5916282679471419
-1.2311593949768176,-0.1284256082578917,3.728231966273655,5.0722632295727275,8.383510469086854,8.45065265334657,4.8358170875641155,1.5698078850433408,1.5916282679471419
-1.3185994414353837,0.12944838888559274,4.343220685989521,5.0722632295727275,8.383510469086854,8.42774655113408,4.8358170875641155,1.5698078850433408,1.5916282679471419
-1.3005361223808531,0.2606499365189627,4.442575426441122,5.0722632295727275,8.383510469086854,8.42774655113408,4.8311424911916365,1.5698078850433408,1.5916282679471419
-1.3104557755161907,0.1399698418270762,4.253009204232135,5.0722632295727275,8.383510469086854,8.42774655113408,4.8311424911916365,1.5887820355722442,1.5916282679471419
-1.2132163458471577,0.26007099248141696,3.599740746124693,5.0722632295727275,8.383510469086854,8.42774655113408,4.8311424911916365,1.5887820355722442,1.616068968280126
-1.1767995423176996,0.1190228864752514,3.224233363485818,5.073570153646107,8.383510469086854,8.42774655113408,4.8311424911916365,1.5887820355722442,1.616068968280126
-1.244696149829657,-0.12985841133897652,3.701289154369298,5.073570153646107,8.35932690215683,8.42774655113408,4.8311424911916365,1.5887820355722442,1.616068968280126
-1.335253762959867,0.13120184482740327,4.3254395406423995,5.073570153646107,8.35932690215683,8.404584073341848,4.8311424911916365,1.5887820355722442,1.616068968280126
-1.3177356160913378,0.2641412897770359,4.428344567505245,5.073570153646107,8.35932690215683,8.404584073341848,4.826422636089782,1.5887820355722442,1.616068968280126
-1.3266795906511357,0.14168976521882937,4.232446218956248,5.073570153646107,8.35932690215683,8.404584073341848,4.826422636089782,1.6079571132797776,1.616068968280126
-1.2260522764629642,0.2629344139078194,3.5691381847307797,5.073570153646107,8.35932690215683,8.404584073341848,4.826422636089782,1.6079571132797776,1.6407751331186162
-1.1878035106755276,0.12022827495485587,3.188989268958526,5.074853811216853,8.35932690215683,8.404584073341848,4.826422636089782,1.6079571132797776,1.6407751331186162
-1.258097050857093,-0.1312800798453178,3.6741331958519763,5.074853811216853,8.334866574729322,8.404584073341848,4.826422636089782,1.6079571132797776,1.6407751331186162
-1.3518177758263048,0.1329490462644418,4.307366693791981,5.074853811216853,8.334866574729322,8.38116787415196,4.826422636089782,1.6079571132797776,1.6407751331186162
-1.3348621763330621,0.2676195331639313,4.413762674309416,5.074853811216853,8.334866574729322,8.38116787415196,4.821658473616956,1.6079571132797776,1.6407751331186162
-1.3427990368185194,0.1434012646079666,4.2115528162101485,5.074853811216853,8.334866574729322,8.38116787415196,4.821658473616956,1.6273306465422943,1.6407751331186162
-1.2387336536795173,0.2657744335197063,3.5382686308907916,5.074853811216853,8.334866574729322,8.38116787415196,4.821658473616956,1.6273306465422943,1.6657437670151165
-1.1986302372178304,0.1214185619952087,3.153535707157338,5.076112416022636,8.334866574729322,8.38116787415196,4.821658473616956,1.6273306465422943,1.6657437670151165
-1.271361044339118,-0.1326902959541837,3.6467670242331187,5.076112416022636,8.310131851140861,8.38116787415196,4.821658473616956,1.6273306465422943,1.6657437670151165
-1.368290031955042,0.13468924471257834,4.289003815886868,5.076112416022636,8.310131851140861,8.357500646209205,4.821658473616956,1.6273306465422943,1.6657437670151165
-1.3519140543688668,-0.2766131964937039,4.39883107234392,5.076112416022636,8.310131851140861,8.357500646209205,4.8278021064242855,1.6273306465422943,1.6657437670151165
-1.3588124721413042,0.13984334519357594,4.190331100645877,5.076112416022636,8.310131851140861,8.357500646209205,4.8278021064242855,1.6469651746348053,1.6657437670151165
-1.2512591575643028,0.2685021808724145,3.507135124039646,5.076112416022636,8.310131851140861,8.357500646209205,4.8278021064242855,1.6469651746348053,1.6909711849222153
-1.209278695719629,-0.12922170722128987,3.1178765207723194,5.072314219339093,8.310131851140861,8.357500646209205,4.8278021064242855,1.6469651746348053,1.6909711849222153
-1.2844870914816158,-0.13703985019776094,3.6191935972169027,5.072314219339093,8.285104495572375,8.357500646209205,4.8278021064242855,1.6469651746348053,1.6909711849222153
-1.3846690909574186,0.13104510752505652,4.270352605417261,5.072314219339093,8.285104495572375,8.333648894206918,4.8278021064242855,1.6469651746348053,1.6909711849222153
-1.3688932969230954,0.296225173666506,4.3835572596033545,5.072314219339093,8.285104495572375,8.333648894206918,4.822449839738444,1.6469651746348053,1.6909711849222153
-1.374718563217865,0.14711343782698297,4.1687834075492605,5.072314219339093,8.285104495572375,8.333648894206918,4.822449839738444,1.6667237229319518,1.6909711849222153
-1.2636274829296037,0.26573034966184894,3.4757407338164765,5.072314219339093,8.285104495572375,8.333648894206918,4.822449839738444,1.6667237229319518,1.7164137522094791
-1.219742170474513,0.12871350502094026,3.082011190046702,5.073656315230523,8.285104495572375,8.333648894206918,4.822449839738444,1.6667237229319518,1.7164137522094791
-1.297474103547013,-0.135420181985405,3.5914157468932153,5.073656315230523,8.259828680728884,8.333648894206918,4.822449839738444,1.6667237229319518,1.7164137522094791
-1.4009531064307665,0.13847546106152087,4.251414513129265,5.073656315230523,8.259828680728884,8.30948355543382,4.822449839738444,1.6667237229319518,1.7164137522094791
-1.3857849189159268,0.27712701511942456,4.36793667897482,5.073656315230523,8.259828680728884,8.30948355543382,4.817508900076811,1.6667237229319518,1.7164137522094791
-1.3905148830921512,0.14840400541056623,4.1469117697891695,5.073656315230523,8.259828680728884,8.30948355543382,4.817508900076811,1.6866780858478407,1.7164137522094791
-1.2758373022234157,0.2744638933346053,3.4440887124496933,5.073656315230523,8.259828680728884,8.30948355543382,4.817508900076811,1.6866780858478407,1.7421539677605202
-1.2300355816826936,-0.13187699391077448,3.0459480908202052,5.069739878793862,8.259828680728884,8.30948355543382,4.817508900076811,1.6866780858478407,1.7421539677605202
-1.310321351034598,-0.13989892428582484,3.5634365876745933,5.069739878793862,8.234264325363629,8.30948355543382,4.817508900076811,1.6866780858478407,1.7421539677605202
-1.417141783044276,0.1398227196108301,4.232191663252773,5.069739878793862,8.234264325363629,8.285079883660297,4.817508900076811,1.6866780858478407,1.7421539677605202
-1.4026020365815164,0.28144083734581415,4.35197017355479,5.069739878793862,8.234264325363629,8.285079883660297,4.812509033053935,1.6866780858478407,1.7421539677605202
-1.4062005623356666,0.15016857834010702,4.1247183446832,5.069739878793862,8.234264325363629,8.285079883660297,4.812509033053935,1.7068196744473136,1.7421539677605202
-1.2878872657167053,0.2710570204227504,3.412182190428419,5.069739878793862,8.234264325363629,8.285079883660297,4.812509033053935,1.7068196744473136,1.7680990789583606
-1.2401368926789393,0.13112129457040447,3.0096860912830965,5.071064123310952,8.234264325363629,8.285079883660297,4.812509033053935,1.7068196744473136,1.7680990789583606
-1.3230274034085558,-0.13812618718818023,3.53525903050546,5.071064123310952,8.208457045719896,8.285079883660297,4.812509033053935,1.7068196744473136,1.7680990789583606
-1.4332326711081755,0.14158744491544456,4.212685731691952,5.071064123310952,8.208457045719896,8.260435611434431,4.812509033053935,1.7068196744473136,1.7680990789583606
-1.4193379361097616,0.2848234949877079,4.33565969841052,5.071064123310952,8.208457045719896,8.260435611434431,4.807469706676625,1.7068196744473136,1.7680990789583606
-1.4217737535411987,0.15175912805463043,4.102205373392038,5.071064123310952,8.208457045719896,8.260435611434431,4.807469706676625,1.7271479607937876,1.7680990789583606
-1.299776352015311,0.2799152094109085,3.3800243026312007,5.071064123310952,8.208457045719896,8.260435611434431,4.807469706676625,1.7271479607937876,1.7943365579902237
-1.2500671107967802,-0.1343846239082894,2.9732341248047205,5.067029352087707,8.208457045719896,8.260435611434431,4.807469706676625,1.7271479607937876,1.7943365579902237
-1.3355917304286153,-0.14271619932534815,3.5068862443514264,5.067029352087707,8.18236558508586,8.260435611434431,4.807469706676625,1.7271479607937876,1.7943365579902237
-1.4492247109762246,0.14325062828244522,4.192898541418505,5.067029352087707,8.18236558508586,8.235554712989638,4.807469706676625,1.7271479607937876,1.7943365579902237
-1.4359905347269797,0.28822395789514377,4.319006715720843,5.067029352087707,8.18236558508586,8.235554712989638,4.802391303434698,1.7271479607937876,1.7943365579902237
-1.4372328972268298,0.15349325112904252,4.079375135525459,5.067029352087707,8.18236558508586,8.235554712989638,4.802391303434698,1.7476584185302044,1.7943365579902237
-1.3115030758396786,0.2763097248937612,3.347618251940017,5.067029352087707,8.18236558508586,8.235554712989638,4.802391303434698,1.7476584185302044,1.8207718419601266
-1.2598025489636346,0.133464430237801,2.9365907490939374,5.068331305724936,8.18236558508586,8.235554712989638,4.802391303434698,1.7476584185302044,1.8207718419601266
-1.3480129072490978,-0.14083009049906792,3.4783211812038792,5.068331305724936,8.156036546197209,8.235554712989638,4.802391303434698,1.7476584185302044,1.8207718419601266
-1.4651164775571477,0.1449862788879795,4.172831925094005,5.068331305724936,8.156036546197209,8.210439096545246,4.802391303434698,1.7476584185302044,1.8207718419601266
-1.4525581415648292,0.29161433813955884,4.302012752123027,5.068331305724936,8.156036546197209,8.210439096545246,4.7972747748892015,1.7476584185302044,1.8207718419601266
-1.4525764035402642,0.15506339753933204,4.056229940929208,5.068331305724936,8.156036546197209,8.210439096545246,4.7972747748892015,1.7683503537822953,1.8207718419601266
-1.3230664528208103,0.285266776376715,3.3149672163414032,5.068331305724936,8.156036546197209,8.210439096545246,4.7972747748892015,1.7683503537822953,1.847493900551308
-1.2693658301412856,-0.13683638572253584,2.899765314294533,5.064176089139303,8.156036546197209,8.210439096545246,4.7972747748892015,1.7683503537822953,1.847493900551308
-1.36029045764865,-0.14548346272385485,3.449567059086088,5.064176089139303,8.129428148409055,8.210439096545246,4.7972747748892015,1.7683503537822953,1.847493900551308
-1.4809065956453065,0.14663338464552855,4.152487748328255,5.064176089139303,8.129428148409055,8.18509264433629,4.7972747748892015,1.7683503537822953,1.847493900551308
-1.4690390594255915,-0.30126505438434664,4.284679366135322,5.064176089139303,8.129428148409055,8.18509264433629,4.804042447007915,1.7683503537822953,1.847493900551308
-1.4678027235259474,0.15111757977179818,4.032772137082078,5.064176089139303,8.129428148409055,8.18509264433629,4.804042447007915,1.7892902962554578,1.847493900551308
-1.3344650369682631,0.2813705591993011,3.2820744610318986,5.064176089139303,8.129428148409055,8.18509264433629,4.804042447007915,1.7892902962554578,1.8744059121244823
-1.2787316790356336,-0.1327195534239761,2.8627560447926674,5.060090351183837,8.129428148409055,8.18509264433629,4.804042447007915,1.7892902962554578,1.8744059121244823
-1.3724229672247683,-0.14672876450225084,3.4206268720100095,5.060090351183837,8.10256602129769,8.18509264433629,4.804042447007915,1.7892902962554578,1.8744059121244823
-1.4965936777643694,0.1425342128095392,4.1318678978350665,5.060090351183837,8.10256602129769,8.159588027500558,4.804042447007915,1.7892902962554578,1.8744059121244823
-1.4854362614530268,0.3219555384250348,4.267015673597789,5.060090351183837,8.10256602129769,8.159588027500558,4.798297455722773,1.7892902962554578,1.8744059121244823
-1.4829106146319264,0.15866826724157354,4.009004314476691,5.060090351183837,8.10256602129769,8.159588027500558,4.798297455722773,1.8103303909241877,1.8744059121244823
-1.3456978672066806,0.2843754972664948,3.2489432083605005,5.060090351183837,8.10256602129769,8.159588027500558,4.798297455722773,1.8103303909241877,1.9015552294182145
-1.287916988443942,-0.13394356585773073,2.825566941005604,5.055966577113996,8.10256602129769,8.159588027500558,4.798297455722773,1.8103303909241877,1.9015552294182145
-1.3844099362530038,-0.14814168296920144,3.3915037151544665,5.055966577113996,8.075451578398917,8.159588027500558,4.798297455722773,1.8103303909241877,1.9015552294182145
-1.512175905413673,0.15033897340812274,4.110973986123305,5.055966577113996,8.075451578398917,8.133782988956746,4.798297455722773,1.8103303909241877,1.9015552294182145
-1.5017317860649835,0.30076090399850275,4.249015984904786,5.055966577113996,8.075451578398917,8.133782988956746,4.793010854194201,1.8103303909241877,1.9015552294182145
-1.4978976753724675,0.15994129586779024,3.984928742244155,5.055966577113996,8.075451578398917,8.133782988956746,4.793010854194201,1.831547323480469,1.9015552294182145
-1.3567634774709139,0.2868538397974552,3.2155769528240468,5.055966577113996,8.075451578398917,8.133782988956746,4.793010854194201,1.831547323480469,1.9289349273647098
-1.2969154136791325,0.13790049827207973,2.7882017977783726,5.057257512907714,8.075451578398917,8.133782988956746,4.793010854194201,1.831547323480469,1.9289349273647098
-1.39625028111345,-0.14611125645521136,3.362200744325623,5.057257512907714,8.048109952201246,8.133782988956746,4.793010854194201,1.831547323480469,1.9289349273647098
-1.5276531655234156,0.15168314380108974,4.089808371286227,5.057257512907714,8.048109952201246,8.10775942437724,4.793010854194201,1.831547323480469,1.9289349273647098
-1.5179421863843106,0.30505866203349324,4.23068125829879,5.057257512907714,8.048109952201246,8.10775942437724,4.787670265992158,1.831547323480469,1.9289349273647098
-1.512763168614224,0.16156548947728386,3.960547799032576,5.057257512907714,8.048109952201246,8.10775942437724,4.787670265992158,1.852933785791118,1.9289349273647098
-1.3676608934051655,0.2956271403301681,3.1819789957985725,5.057257512907714,8.048109952201246,8.10775942437724,4.787670265992158,1.852933785791118,1.956587096765114
-1.3057340529822532,-0.14152547133798074,2.7506705991257476,5.052903925433353,8.048109952201246,8.10775942437724,4.787670265992158,1.852933785791118,1.956587096765114
-1.407943202577185,-0.15089377470369003,3.3327213219892626,5.052903925433353,8.020498977842816,8.10775942437724,4.787670265992158,1.852933785791118,1.956587096765114
-1.543022972236002,0.15331200709908693,4.068372901626578,5.052903925433353,8.020498977842816,8.081516766324834,4.787670265992158,1.852933785791118,1.956587096765114
-1.5340596611546427,0.3083349001316097,4.212013783002883,5.052903925433353,8.020498977842816,8.081516766324834,4.782297049728442,1.852933785791118,1.956587096765114
-1.5275053230082862,0.1632421454292891,3.9358639640044144,5.052903925433353,8.020498977842816,8.081516766324834,4.782297049728442,1.8744862365591834,1.956587096765114
-1.3783890271754036,0.2914437152500902,3.148152506606573,5.052903925433353,8.020498977842816,8.081516766324834,4.782297049728442,1.8744862365591834,1.9844153892321326
-1.3143500760711158,-0.1371740013711102,2.7129708818913083,5.048624272915693,8.020498977842816,8.081516766324834,4.782297049728442,1.8744862365591834,1.9844153892321326
-1.4194874927163557,-0.15208504172084947,3.3030685255774253,5.048624272915693,7.992644923235021,8.081516766324834,4.782297049728442,1.8744862365591834,1.9844153892321326
-1.5582843518060774,0.15496089274365502,4.046669581548371,5.048624272915693,7.992644923235021,8.055057715889822,4.782297049728442,1.8744862365591834,1.9844153892321326
-1.55008210661025,0.3116379856377589,4.193015241453833,5.048624272915693,7.992644923235021,8.055057715889822,4.776891465432774,1.8744862365591834,1.9844153892321326
-1.542122646288426,0.1647461113326914,3.910879746221321,5.048624272915693,7.992644923235021,8.055057715889822,4.776891465432774,1.8962039740706855,1.9844153892321326
-1.3889467834041704,0.29425993596284256,3.1141007928171347,5.048624272915693,7.992644923235021,8.055057715889822,4.776891465432774,1.8962039740706855,2.012467073053205
