Time,Agent[1],Agent[2],Agent[3],Agent[4],Agent[5],Agent[6]
0.0,0.0,1.0471975511965976,2.0943951023931953,3.141592653589793,4.18879020478639,5.235987755982989
0.02,0.0003524520202987986,1.0488493009029367,2.0960425762046246,3.1419404536070976,4.187840646556124,5.235038573829383
0.04,0.0009863750650042165,1.050799046640102,2.0980411516007997,3.142679654586915,4.187268107400225,5.2344095874725864
0.06,0.0018912340218135626,1.0530357191267172,2.100377301609466,3.143794637511611,4.1870576134940904,5.234088451358695
0.08,0.003056887081183665,1.0555487041414386,2.103038123378336,3.1452705321297394,4.18719486351393,5.234063306582225
0.1,0.004473560298839562,1.0583278137046586,2.1060112973339002,3.1470931661531845,4.187666183415071,5.234322748887692
0.12,0.006131823808592416,1.0613632592643676,2.1092850494666893,3.149249018505779,4.188458484656665,5.234855798861904
0.14,0.008022569535575279,1.064645626706003,2.112848116449324,3.1517251762287435,4.189559225542453,5.235651874114029
0.16,0.010136990273733897,1.0681658530236025,2.116689713324731,3.154509294691716,4.190956375382287,5.23670076326012
0.18,0.01246656000356104,1.0719152045050675,2.120799503529214,3.1575895607961,4.192638381209892,5.237992601546068
0.2,0.01500301533680229,1.0758852562980457,2.1251675710390883,3.160954658890752,4.194594136819335,5.239517847958239
0.22,0.017738337984370994,1.0800678732350935,2.129784394450792,3.1645937391492023,4.196812953906458,5.241267263684499
0.24,0.02066473815211115,1.0844551918075724,2.134640822823099,3.16849638818331,4.199284535122434,5.24323189180029
0.26,0.02377463877646546,1.0890396031872924,2.1397280531266305,3.172652601690858,4.201998948865083,5.245403038064879
0.28,0.027060660518643555,1.0938137372034187,2.145037609160526,3.1770527589545754,4.20494660564991,5.2477722527222275
0.3,0.03051560744162374,1.0987704471896975,2.15056132180917,3.181687599027715,4.208118235917196,5.250331313209058
0.32,0.034132453299344535,1.1039027956237422,2.1562913105234047,3.186548198456907,4.211504869144234,5.253072207679903
0.34,0.03790432837180604,1.1092040404860348,2.1622199659209476,3.1916259504068645,4.215097814143066,5.255987119265174
0.36,0.041824506783560006,1.1146676222715441,2.1683399334098588,3.1969125450637503,4.218888640434012,5.259068410983799
0.38,0.04588639424627388,1.1202871515914505,2.174644097747032,3.2023999512049066,4.222869160594067,5.26230861123667
0.4,0.050083516168732654,1.1260563973065274,2.1811255684508972,3.2080803988322817,4.227031413487023,5.265700399811234
0.42,0.054409506079834496,1.131969275137234,2.187777665993958,3.2139463627754745,4.231367648288934,5.269236594330942
0.44,0.05885809431185192,1.1380198366986263,2.1945939087064827,3.219990547177891,4.235870309228556,5.272910137086145
0.46,0.06342309689250254,1.1442022589107859,2.2015680003277414,3.2262058707862464,4.24053202096756,5.276714082185259
0.48,0.06809840459519083,1.1505108337376455,2.2086938181456257,3.2325854529696034,4.24534557454985,5.280641582966777
0.5,0.07287414246587155,1.156939958208874,2.2159654016694703,3.2391226003993863,4.250303913853138,5.284685879613913
0.52,0.07777668143332946,1.1634840863767175,2.223376941784318,3.2458107943264234,4.25540012247923,5.288840248609516
0.54,0.08279521196839243,1.1701380825236323,2.230922769954793,3.252643678395121,4.260627410638994,5.293094935484313
0.56,0.0879559659364397,1.1768913718041312,2.2385973514512845,3.259615046930702,4.265979071806104,5.297476243741504
0.58,0.09324744888416348,1.1837715604308359,2.246395220443771,3.266718833377078,4.271448831335385,5.30197374842485
0.6,0.09869637032496936,1.190767402088705,2.2543113528531107,3.2739491021729057,4.277030460316527,5.306613910900895
0.62,0.10429084434497869,1.1979066686939315,2.2623407616278692,3.281300040981523,4.2827181333665525,5.311385626891013
0.64,0.11005804614538182,1.2051774346039303,2.2704723199178773,3.288765952886725,4.288501354500364,5.316315538697638
0.66,0.11598566030646097,1.2126075917999168,2.278733568271873,3.2963411364491524,4.294407500580739,5.321391808933245
0.68,0.12210131641860579,1.2201847828583492,2.2871127197180576,3.304014458109966,4.300425410848414,5.326641563691193
0.7000000000000001,0.12839769149055577,1.2279373444253523,2.295637420041118,3.31181321100468,4.30658259809441,5.332052536956459
0.72,0.13486229097225866,1.2358525077014508,2.3042954818210784,3.3197258911607093,4.312867495870594,5.3376523892751795
0.74,0.14152396784105126,1.2439586990250238,2.3131149882150117,3.327780238106139,4.319308089102901,5.3434280437673305
0.76,0.14836971555928408,1.2522426775682893,2.3220833210377525,3.3359643500201264,4.3258923745214934,5.349407664900773
0.78,0.15542884941401724,1.2607333235520797,2.3312289976353826,3.344306414378639,4.332648810032402,5.3555777021154185
0.8,0.16268782277518318,1.2694168961900465,2.340538942054332,3.3527941036564015,4.339564927530068,5.361966826260483
0.8200000000000001,0.17017641768489075,1.2783227299424003,2.35004210690266,3.361456055375895,4.346669662983867,5.368560985789896
0.84,0.17788051928745266,1.2874365562505714,2.359724931399981,3.3702794882589906,4.353950055172653,5.375389361020971
0.86,0.18583038121903622,1.2967881647468638,2.3696168050510824,3.3792934926113283,4.361435523747264,5.3824373721116485
0.88,0.19401129231954567,1.3063627314856574,2.379703655224473,3.3884848052418755,4.369112585903242,5.38973471254815
0.9,0.20245398304846668,1.3161905027799405,2.3900153105357744,3.3978829726272797,4.377011151134825,5.397266246931762
0.92,0.21114311799702867,1.326256071961147,2.400537159599249,3.407474221471209,4.38511718647464,5.405062186214089
0.9400000000000001,0.22010991005806715,1.3365901441024688,2.4112994729465487,3.417288558467821,4.393461097968544,5.413106812280111
0.96,0.2293383718416599,1.3471767028330939,2.422287073740002,3.427311672068184,4.402028273868368,5.4214308584153095
0.98,0.2388602046496246,1.3580469146271317,2.4335306778295673,3.437574033890817,4.4108496240221,5.430017996779518
1.0,0.2486587416645178,1.3691841268637825,2.4450145165146044,3.4480607661071376,4.419909929315531,5.438899488403939
1.02,0.25876617891791387,1.3806199706057851,2.456769754963188,3.458802810623195,4.429240611181303,5.448058368913012
1.04,0.26916514307592104,1.3923371309382149,2.46878000656508,3.4697846954964064,4.438825814654514,5.457526433005379
1.06,0.27988833154051934,1.404367707228886,2.4810768903989855,3.481037838930211,4.4486974810505036,5.467286053204193
1.08,0.29091763779825136,1.416693696797204,2.493655263494631,3.4925461472957666,4.458839091234426,5.477369564269143
1.1,0.3022862675524777,1.4293477904448855,2.506497876503815,3.504341640639265,4.469283115195471,5.487758649344278
1.12,0.31397535612656113,1.4423108962247029,2.5196381930815797,3.5164071997303354,4.480012342724684,5.498486190073683
1.1400000000000001,0.32601862211313537,1.4556162053737742,2.5330582458878474,3.5287753580214165,4.4910597791409685,5.50953315429802
1.16,0.338396413551438,1.4692439008491551,2.5467919798463505,3.5414283321150983,4.502407491850653,5.52093297772421
1.18,0.3511429697701783,1.4832276782103893,2.5608206826043522,3.554399175447039,4.514089031628092,5.5326658872129615
1.2,0.36423782695571005,1.4975469712424576,2.5751787889856863,3.56766941332474,4.52608571646142,5.544765879987921
1.22,0.3777157531539695,1.5122359842335724,2.5898468152175815,3.5812726263910877,4.538431653051285,5.557212416682446
1.24,0.3915554487723895,1.5272886730781419,2.6048596951043064,3.5951896220258766,4.5511073832949736,5.57004006379209
1.26,0.4057923716459055,1.5426840225894858,2.6201973005665726,3.6094545159114313,4.564147580595961,5.583227490939058
1.28,0.42040395583196793,1.55845779035322,2.6358946666162364,3.624047372937439,4.577531984497634,5.596809843420378
1.3,0.4354262304854092,1.5745881149972234,2.651930869915503,3.6390028496501863,4.591295846174979,5.610764972985768
1.32,0.45083576107162326,1.5911112723839578,2.668341475848154,3.6543002391658317,4.605418076987526,5.625128608127825
1.34,0.46666915464142833,1.6080045311037139,2.685104741007948,3.6699747482879466,4.6199345170362065,5.639877759460496
1.36,0.48290208543736013,1.6253046934636248,2.702256769630285,3.6860048739603277,4.6348232240992955,5.655048747430785
1.3800000000000001,0.49957174508648405,1.6429881351614535,2.7197749743065103,3.7024263830523028,4.650120638540997,5.670617718776054
1.4000000000000001,0.5166528948279696,1.6610921933841662,2.7376960070650407,3.7192169525623253,4.665803939716539,5.686621594668481
1.42,0.5341833176059451,1.67959232914093,2.7559964134874693,3.736412919600772,4.681910179714664,5.703035635783192
1.44,0.552136840774046,1.6985264231704607,2.7747134027589646,3.7539911181073244,4.698415635213587,5.719897372743734
1.46,0.5705518453529239,1.7178690011136712,2.7938226314159227,3.7719884659238847,4.715357981549975,5.737199682431685
1.48,0.58940138995946,1.7376584961392207,2.813361875544609,3.790380931506838,4.732712754179942,5.754917927329442
1.5,0.6087240143434837,1.757868480859076,2.833305881612367,3.809206026031916,4.750517817112664,5.773090796989408
1.52,0.628491834507619,1.7785379472822547,2.8536930027246963,3.8284388281142467,4.7687477866433365,5.791692675799902
1.54,0.6487440145267491,1.7996394925599561,2.874497055284881,3.8481174490733427,4.787441185836915,5.810762858796469
1.56,0.6694517089744619,1.821212677263858,2.8957569796906935,3.868216057240835,4.80657168857336,5.830274729936434
1.58,0.6906547107285507,1.8432291065744058,2.9174456432900526,3.8887733756717764,4.82617848617742,5.850268200890156
1.6,0.7123231951994979,1.8657289194060926,2.9396025843134863,3.909762642678998,4.8462342875470235,5.870715633598039
1.62,0.7344975885884739,1.888682713718015,2.9621997031809895,3.9312232046654585,4.866778961425376,5.891657567096037
1.6400000000000001,0.7571470705331419,1.91213121658464,2.985277146711149,3.9531273509112386,4.887784229865532,5.913065320522043
1.6600000000000001,0.7803127050882532,1.9360440047890533,3.008805831655193,3.9755150627407474,4.909290648064731,5.934980070541057
1.68,0.803962660677383,1.9604624033998217,3.032826524335887,3.9983576621186554,4.931268930087749,5.957372073553058
1.7,0.8281386437210774,1.9853549553961414,3.057309142233204,4.021695776763513,4.953760326420631,5.980283153604567
1.72,0.8528360246335717,2.0107635936725132,3.082295082195564,4.045499743778847,4.976734522730863,6.003682485323355
1.74,0.8780222844355065,2.0366560981198636,3.10775324796763,4.069810848584696,5.000233473350095,6.027612831669165
1.76,0.9037410255281151,2.0630745476655616,3.1337256808135483,4.094598426616152,5.024225818709461,6.0520417953735315
1.78,0.9299586047205105,2.0899856972059205,3.1601802554556753,4.119904432126438,5.048754223240811,6.077012834608382
1.8,0.9567192698833301,2.117432264583577,3.1871596642043203,4.14572609658777,5.073786258806399,6.1024924470025
1.82,0.9839882401534793,2.145379969866079,3.214631029870832,4.172032003821355,5.099365597386936,6.128524791953709
1.84,1.011810416731271,2.1738721803335608,3.24263725062912,4.198865992789291,5.125458267519635,6.155075247376843
1.86,1.040149869233153,2.2028735710317813,3.2711444261732754,4.226195532982436,5.152108695668002,6.182188677702814
1.8800000000000001,1.069052159814014,2.232428162110442,3.3001961381033786,4.254065156385455,5.179281817116973,6.209829320459446
1.9000000000000001,1.098480198209617,2.262534756051507,3.329757452228165,4.282441201567955,5.207022818185498,6.238042750591888
1.92,1.1284805666405362,2.2931564077367548,3.3598729944869667,4.311368906674066,5.23529552340076,6.266792050500759
1.94,1.1590145347499283,2.324339837918894,3.390506315485449,4.340813467132858,5.264145883781022,0.012938206889571927
1.96,1.1901293879632202,2.356046934034996,3.421702770516066,4.370820838430756,5.293536596472218,0.04281374660375993
1.98,1.2217852290437559,2.388325106128888,3.4534248663216793,4.401355053489242,5.323514381487368,0.07328037513714547
2.0,1.2540300517068637,2.421135068795108,3.4857186944780683,4.432462797223927,5.354040792692439,0.10429882324938997
2.02,1.2868227851010656,2.4545249331076384,3.518584314624179,4.464106926388775,5.385163322660281,0.1359168265384645
2.04,1.3202121362856654,2.4884546225239728,3.551983409326213,4.496335252574699,5.41684236697346,0.16809392355119404
2.06,1.3541558597240035,2.522972488209799,3.585964012462188,4.529108970252781,5.449126197507627,0.20087857633357942
2.08,1.3887033799153752,2.558037300834207,3.6204866468782675,4.562476668801118,5.481974036539207,0.234229122217328
2.1,1.4238112690326905,2.5936981425541368,3.6556001021808866,4.596398348329042,5.515434932892728,0.2681947526955417
2.12,1.4595296744165853,2.6299126289110237,3.691263732473364,4.630923383547674,5.5494669228160305,0.3027325962607611
2.14,1.4958139850647643,2.6667305821868066,3.7275270926607416,4.666010567318952,5.584119833829686,0.3378925762272082
2.16,1.5327150765194517,2.7041084618363733,3.764348360028672,4.701710066280652,5.6193505044230605,0.37363060621502386
2.18,1.5701871555342295,2.742096839179625,3.801777863685358,4.737979453949621,5.65520954173372,0.4099973432548573
2.2,1.6082818311902842,2.7806510179287782,3.839772596906192,4.7748696944603894,5.691652575821674,0.4469925895481528
2.22,1.6470002141162612,2.8198223270687395,3.8783836711404867,4.812337130676613,5.728731444547041,0.48457121955956495
2.24,1.6862959327968252,2.8583382117915126,3.9175668892731506,4.850433533220604,5.766400036801916,0.522786357688158
2.2600000000000002,1.7262097833963617,2.8974988464159295,3.956143339097436,4.889114002973337,5.8047110026310875,0.5615910267049243
2.2800000000000002,1.7666946142765112,2.936012937520068,3.995308243388515,4.928418810128608,5.8436170105071685,0.6010389941856268
2.3000000000000003,1.8065488708673314,2.9751864570614317,4.033876201093667,4.968302171633697,5.883171390039197,0.64108183541553
2.32,1.84699024745961,3.013709690864602,4.073048466262392,5.007584915327445,5.923374989941834,0.6817615440513265
2.34,1.8868110490503984,3.052894708617448,4.111621017105495,5.0474631656519175,5.96416785112772,0.7230292473191373
2.36,1.9272343433242511,3.0914262497897256,4.150801328012749,5.086750975183435,6.00560454417565,0.7636827072052731
2.38,1.9670341027710938,3.130622166258406,4.189379502901421,5.126649950320534,6.046369855226625,0.8049391852709019
2.4,2.00743904840162,3.169161689657616,4.228569065762071,5.165955566274838,6.0877829458813135,0.8455781146875478
2.42,2.047217737781075,3.208368157454111,4.267154262697675,5.205875107566502,6.128522105359448,0.8868221659589774
2.44,2.087604223912656,3.246915460607063,4.306354384408241,5.245198450528989,6.169912802903768,0.9274454663525681
2.46,2.1273618417198814,3.286132257760283,4.344947967717641,5.285138402419012,6.210627027305081,0.9686759033007184
2.48,2.167729791248516,3.3246872569801362,4.38415992147596,5.3244793896064895,6.251996362840085,1.0092824908155988
2.5,2.20746637093311,3.3639142801857376,4.4227632181068275,5.364439588421019,0.009501386605702693,1.0504981444973038
2.52,2.2478157486863783,3.402477003736971,4.46198823940402,5.403798122980572,0.0508502205450435,1.0910869546423005
2.54,2.2875313662864993,3.441714261308287,4.500602534816924,5.443778386647371,0.09151753242370954,1.1322866797705713
2.56,2.3278621862801345,3.4802848422907586,4.539841817062412,5.483154347898864,0.13284656245495677,1.17285667258002
2.58,2.367556967145266,3.519532446818578,4.578468350802139,5.523154466623804,0.17349157053119435,1.2140393530302602
2.6,2.4078692989088566,3.5581111157799863,4.617723040664638,5.562547701262655,0.21480134004677462,1.2545895186099716
2.62,2.4475434235062585,3.5973692765141103,4.656363001691437,5.602567429179827,0.25542460902441794,1.2957540732525814
2.64,2.487837397475458,3.6359563538050486,4.695634194236993,5.641977743454348,0.2967155160148996,1.3362834376034134
2.66,2.5274911062801486,3.6752253687752803,4.734288716096565,5.682016791263486,0.3373174690504898,1.3774288263558103
2.68,2.567766918257739,3.7138212566655264,4.773577449802769,5.721443944138267,0.3785897754432903,1.4179364573704625
2.7,2.607400515730683,3.7531015045640164,4.812247605711817,5.761501972739946,0.41917070358590736,1.459061687364903
2.72,2.6476584304237756,3.791706679142734,4.8515548574351675,5.8009456700533075,0.4604245450034167,1.4995467008972785
2.74,2.687272288087778,3.8309986109934484,4.8902416553571415,5.841022285188578,0.5009846170317533,1.540650832665004
2.7600000000000002,2.727512641733308,3.869613613879588,4.9295683353282564,5.880482174808189,0.5422200129343995,1.5811123985759215
2.7800000000000002,2.76710720036081,3.9089177445241243,4.968272713111568,5.920576922705014,0.5827592855534339,1.622194552152981
2.8000000000000003,2.8073304024562207,3.9475431744165763,5.007619660030393,5.960052590681379,0.6239761497254188,1.6626319002411265
2.82,2.8469061733877203,3.986860073848653,5.046342480678798,6.000164954705527,0.6644945780777414,1.7036912611067139
2.84,2.8871127075482463,4.02549657794861,5.085710456979238,6.039655922418199,0.7056927294061744,1.7441036868394377
2.86,2.926670273164408,4.064826862532282,5.124452504121276,6.079785320721094,0.7461901778465069,1.7851395116036322
2.88,2.9668606971326605,4.103475127872837,5.163842191471668,6.119291043007314,0.7873693513384818,1.8255263815684217
2.9,3.0064007105072177,4.142819451481935,5.202604165092976,6.1594368271579025,0.8278456044142647,1.8665380033327705
2.92,3.046575655344789,4.181480196202248,5.242016160195535,6.198956691407845,0.8690054623911483,1.908203808883686
2.94,3.086111888097008,4.220839241320633,5.2807986726944955,6.23911814598982,0.9094732670496394,1.9491646171062627
2.96,3.1262845758064413,4.259513336230967,5.320233483443299,6.278651602480717,0.9506259284319285,1.99078164888531
2.98,3.1658168273381633,4.298888058009235,5.359037058672601,0.03564289103852442,0.9910839524830928,2.031692605644876
3.0,3.2059870762688503,4.337576495152543,5.398495108325464,0.07518943114904046,1.0322280131604025,2.0732617589155384
3.02,3.245515282488443,4.376967830464105,5.437320185459577,0.115380544630077,1.0726749490254612,2.1141238249880554
3.04,3.285683046185673,4.415671579165874,5.476801810899698,0.1549395673732837,1.1138090345542326,2.1556460018200503
3.06,3.325207271167745,4.455080440573279,5.515648740280019,0.19514448607987203,1.1542436053609029,2.1964601464655686
3.08,3.3653726297844395,4.4938004415076,5.555154188146134,0.2347153033785477,1.1953663773220347,2.237936265010097
3.1,3.4048930571619858,4.533227711126786,5.594023227816148,0.274933231311682,1.2357873432571882,2.27870347466958
3.12,3.4450562086010565,4.571964870311172,5.63355265134374,0.31451507384936245,1.2768975058156364,2.320134477330578
3.14,3.4845731327062923,4.611411393639038,5.672443964297334,0.3547451377226529,1.3173036706328556,2.360855763236297
3.16,3.5247343835131515,4.650166576421639,5.7119974208925735,0.39433716133958974,1.358399977197029,2.4022426237439167
3.18,3.5642482002877465,4.689633156191104,5.750911073054777,0.43457841730590435,1.398790194779815,2.4429190284522377
3.2,3.6044079563167544,4.728407181292775,5.790488522618702,0.47417970990215097,1.4398714546622806,2.4842627578500154
3.22,3.6439191540161997,4.767894571418223,5.829424481573768,0.5144311507715763,1.4802446355476915,2.5248953607104747
3.24,3.684077910898661,4.806688205090531,5.869025785589549,0.5540407396729924,1.521309720533142,2.566197012272834
3.2600000000000002,3.7235870606191024,4.846197104764963,5.907983920066599,0.594301302574096,1.5616648383053466,2.6067869338523835
3.2800000000000002,3.763745394063842,4.885011055123645,5.947608841457749,0.6339181623112132,1.6027126890369026,2.6480476069540826
3.3000000000000003,3.8032531401229113,4.924542103127177,5.986588921579128,0.674186736742005,1.64304878650551,2.688596012440161
3.3200000000000003,3.843411696083485,4.963377014718749,6.026237125341179,0.7138097971864947,1.6840784186061555,2.7298168554040614
3.34,3.8829187462895294,5.002930783996057,6.065238823633272,0.7540852333965756,1.724394613690081,2.7703249570146635
3.36,3.9230782310348236,5.041787232653242,6.104909878235809,0.7937133881955638,1.765405123542295,2.8115071689686806
3.38,3.9625853468814363,5.0813642252153475,6.143932771396449,0.833994505836785,1.8057006147863404,2.8519762274018454
3.4,4.002746517008745,5.120242713254619,6.183626150946561,0.8736266210815277,1.8466911848996976,2.8931210591801073
3.42,4.042254503833716,5.159843355457817,6.222669722357348,0.9139122180611187,1.8869652565578103,2.9335523841391646
3.44,4.08241815626546,5.198744307269752,6.262384809509572,0.9535471411235884,1.9279351604613812,2.974661138266248
3.46,4.121927853415169,5.238368945521637,0.018263145295860147,0.9938360025911441,1.9681871870876464,3.0150560881007635
3.48,4.162094815422159,5.2772927036017805,0.05799923488761658,1.0334725710599724,2.009135793691356,3.056130117901366
3.5,4.201607086464077,5.316941600541092,0.09708225658010967,1.0737634784579944,2.049365244187096,3.0964900984069654
3.52,4.24177820575971,5.355888422005734,0.1368385599655582,1.1134005291039049,2.0902920215636773,3.1375308062865126
3.54,4.2812939287870195,5.395561753199205,0.1759401860401435,1.1536922692107021,2.1304984626364334,3.177857268709688
3.56,4.321470063738007,5.434531806826823,0.2157158360894195,1.193328646911125,2.1714029811831814,3.2188661036541824
3.58,4.360990121811471,5.47422965802226,0.2548352159415961,1.2336200208048744,2.2115860801808083,3.259160541950756
3.6,4.401172131811626,5.5132230218573435,0.29462927266655226,1.2732545873577852,2.2524680151278766,3.3001389962966217
3.62,4.440697403584631,5.552945386827905,0.33376548528566563,1.313544419231335,2.2926275422183737,3.340402943694792
3.64,4.480886139638917,5.591962046379512,0.3735769420476894,1.3531760619895283,2.3334866754578028,3.3813525492216168
3.66,4.520417490212187,5.631708825389487,0.41272900242214816,1.393463207747115,2.3736225051327557,3.4215875741424893
3.68,4.560613785778591,5.6707486724521665,0.45255679267238685,1.4330908480060365,2.4144587263496953,3.462509897543409
3.7,4.600152057831348,5.710519671369577,0.49172365869498225,1.4733742035754163,2.4545708382362608,3.502717598933553
3.72,4.640356719968246,5.749582503489204,0.531566663192484,1.5129968046503035,2.495384145330885,3.5436142367195824
3.74,4.679902725212539,5.789377433565239,0.5707472430099727,1.553275313946815,2.535472624304036,3.5837962388515914
3.7600000000000002,4.720116526079004,5.828462954166981,0.6092371820399568,1.592891888878177,2.5762631230993986,3.6246688117475028
3.7800000000000002,4.759671037083616,5.8682677633567275,0.648457647943383,1.6331509011658003,2.6163281586926317,3.6648267585456904
3.8000000000000003,4.799894569358325,5.907362467248803,0.68698513409489,1.6727474054182228,2.657095925453101,3.7056769054361247
3.8200000000000003,4.83945804678336,5.94717773335136,0.7262427633692111,1.712987035572774,2.6971375459468123,3.7458124516598654
3.84,4.879691739948984,5.986282152043554,0.7648051674205526,1.7525636167610616,2.7378826496183803,3.7866418151770262
3.86,4.919264621050816,6.026108285895718,0.8040973122501829,1.7927839731651825,2.7779010154609627,3.8267566126453874
3.88,4.959508876092037,6.065222788402269,0.8426920789987028,1.8323407760686732,2.8186236571263747,3.8675668311213722
3.9,4.999037125349801,6.105060041996534,0.8820161677415106,1.8725419720646659,2.8586190554099433,3.9076625235506537
3.92,5.039294387841462,6.144184299415857,0.9206408175149393,1.9120791495428653,2.89931956245905,3.948454681171608
3.94,5.0788356657672,6.184032261999399,0.9599943511749959,1.9522613138699643,2.9392923955567714,3.9885323862799007
3.96,5.1191060672659345,6.223166413539555,0.9986464714855039,1.9917790366624029,2.979971204992732,4.029308166191835
3.98,5.158660473364932,6.263025111855629,1.0380270274877317,2.03194232256182,3.0199219855663904,4.069369561419354
4.0,5.1989441020600395,0.018983845468074412,1.0767042878106112,2.0714407879074654,3.0605796495803044,4.110130617849178
4.0200000000000005,5.238511690598392,0.0588531666575664,1.1161095286262337,2.1115853814943826,3.1005089996224515,4.150177348213244
4.04,5.278808584201991,0.09800695724290183,1.1548096831415484,2.151064821113221,3.1411461783450374,4.190925300564972
4.0600000000000005,5.318389357553822,0.13788665852776577,1.1942373592819295,2.1911909488481935,3.181054821887338,4.2309589728202095
4.08,5.358699497075029,0.17704993457006143,1.232958249920077,2.23065163591499,3.2216722757888148,4.27169539959368
4.1,5.398293399946335,0.21693965316516184,1.2724062031830605,2.2707595710628348,3.261561031275965,4.311717576248508
4.12,5.438616704355966,0.25611203537637817,1.311145762879855,2.310201826184912,3.3021596132356783,4.352444008855017
4.14,5.478223618890343,0.29601129861500314,1.3506119297552337,2.3502918942747204,3.342029385587767,4.392456202116936
4.16,5.518559940680368,0.33519230287820817,1.389368185826316,2.3897160904891024,3.3826100326593322,4.43317411866433
4.18,5.558179682449377,0.3751005385294078,1.4288506009715518,2.429788673792621,3.422461805049474,4.473177784384667
4.2,5.598528804088528,0.4142895861940694,1.4676216785205878,2.469195240601416,3.4630255299509574,4.513888603502518
4.22,5.638161118966517,0.45420613294343676,1.507118478222825,2.5092507816506067,3.5042319155949144,4.553885135189336
4.24,5.678522750250149,0.4934025612627784,1.545902603502995,2.5486539227699048,3.5447524263269856,4.594603923238187
4.26,5.718167449103417,0.5333266793223767,1.5854121661785336,2.5887060845887384,3.585917489157427,4.6346078042828305
4.28,5.758541491239219,0.5725297547334799,1.625591307791376,2.62810528792418,3.6263975303597658,4.675334779441968
4.3,5.798198424481031,0.6124744762913623,1.665084605499957,2.6681674302560974,3.6675239857527204,4.7153462392556875
4.32,5.838584810620465,0.6516966835045613,1.7052479448453326,2.707575596296806,3.7079663852325346,4.756081621209861
4.34,5.878253993313188,0.6916600834528572,1.7447252582436665,2.747646331227691,3.7490571610054846,4.796100888234237
4.36,5.918652666914267,0.7308995558047183,1.7848730410121105,2.787062189845527,3.7894648028849796,4.836844895100752
4.38,5.9583339825577095,0.7708797484842304,1.824334636632582,2.8271403431903233,3.8305227372402864,4.876872193581779
4.4,5.9987447572445545,0.8101346596362479,1.8644671025257802,2.8665628303858117,3.8708984152608643,4.917625032825051
4.42,6.038437964425466,0.8501298025924782,1.9039132447336833,2.906647430232088,3.911926256281444,4.957660571336818
4.44,6.078860530886825,0.8893983704267457,1.9440306388678612,2.9460756767684066,3.9522726730847464,4.9984224286737415
4.46,6.118565270242552,0.9294066686398132,1.9834616006647547,2.986165942004329,3.9932730775387353,5.038466389616711
4.48,6.158999203459486,0.968687159577353,2.0235641838173657,3.0255992620230208,4.033592843306242,5.079237418912413
4.5,6.1987150049665924,1.008706870062434,2.0629802565057322,3.0656945908324973,4.074568374861519,5.119289948993637
4.5200000000000005,6.239159771775299,1.047997603703471,2.1030683142215634,3.1051324704366965,4.1148640054110714,5.160070263155313
4.54,6.278886062365453,1.0880270403814638,2.1424698159482087,3.145232428751469,4.155817132357301,5.200131464857519
4.5600000000000005,0.03615572217322766,1.1273263943702239,2.1825436665234843,3.184674514549087,4.196091046791783,5.240921127733232
4.58,0.07589183367055331,1.167363933111917,2.2219309497215995,3.224778824453959,4.237024139364544,5.280991051778699
4.6000000000000005,0.1163562753919309,1.206670348132304,2.261990951087325,3.2642249120593614,4.277278657364884,5.3217900710665855
4.62,0.15610145275824563,1.2467144318833954,2.3013644088397704,3.304333440152568,4.318193984763391,5.361868709880005
4.64,0.19657456025946793,1.286026416696153,2.3414109643683076,3.3451466411141815,4.35843132361507,5.402677031051308
4.66,0.23632797012652978,1.3260755605949972,2.3807846668245687,3.385232215763697,4.399344661279747,5.44276431322363
4.68,0.27680885974484515,1.36539183314466,2.4208313074844883,3.426023580303507,4.43958001018705,5.48358195054189
4.7,0.31656960192390393,1.4054448937843627,2.460204682452846,3.4660879261873485,4.480492354868028,5.523678000157488
4.72,0.3570573322816586,1.4447643620709998,2.500250894264291,3.506859189792955,4.52072669601783,5.564505008641968
4.74,0.39682445608343586,1.484820247165271,2.539623501493408,3.546904037455942,4.56163901208644,5.6046098469798755
4.76,0.4373180386083556,1.5241418723781857,2.5796689027214543,3.5876569397767084,4.601873291201223,5.64544617783893
4.78,0.4771454074973985,1.5641995483143838,2.6190404306126576,3.627684020675075,4.642786501523721,5.685559723751911
4.8,0.5176420811577682,1.6035228998156767,2.6590847681479457,3.6684203001933557,4.683021619092633,5.726405773613332
4.82,0.5574712614073981,1.6435819184947018,2.6984550354161003,3.7084313412990912,4.723936601892556,5.766528364505491
4.84,0.597970112210589,1.6829060209075855,2.7384981911756503,3.7491527297015854,4.7641734154979964,5.80738381585634
4.86,0.6378002172055947,1.7229654252004363,2.777867141269324,3.7891494480489256,4.8050909950580625,5.8475151085367
4.88,0.6783002937855344,1.7622893820438579,2.8179091153130456,3.8298576644315343,4.8453302994796825,5.888379550344579
4.9,0.7181304032510484,1.8023482981984629,2.857276805774997,3.8698417610708575,4.886251232891613,5.928519110182903
4.92,0.7586307264952832,1.841671296728699,2.8973177113045043,3.910538505498108,4.926493753227737,5.969392040279834
4.94,0.7984598960625952,1.8817289389375507,2.9366843086076395,3.9505116590909846,4.967418723749093,6.0095393439129445
4.96,0.8389594688020402,1.9210502543724393,2.9767243664559775,3.9911986059516678,5.007665109167444,6.050420172141724
4.98,0.8787867396017289,1.9611059286990573,3.0160901403491356,4.031162466191874,5.048594720237815,6.090574610920731
5.0,0.9192845562906384,2.0004249278007364,3.0561296729865854,4.071841257414443,5.088845538394045,6.131462663021805
5.0200000000000005,0.9591089645015909,2.040478035443207,3.09549499037648,4.111797438337476,5.129780308347973,6.171623547175519
5.04,0.9996040208154173,2.079794179440373,3.135534415461026,4.152469676528474,5.170036040507324,6.2125180693856725
5.0600000000000005,1.0394246070988233,2.119844219315461,3.1748997338598888,4.1924197497717515,5.209583750830712,6.2526846328689505
5.08,1.0799159093785378,2.1591570661513266,3.2149395573640804,4.233073067106989,5.249872587694602,0.010385565934888114
5.1000000000000005,1.1197315888971473,2.1992036367878787,3.2543052786990097,4.273005194835706,5.289452194098038,0.050543612131111935
5.12,1.1602178936373664,2.2385128399044465,3.294345817894546,4.313642175625908,5.32977281057775,0.09142175575154596
5.14,1.20002748974766,2.2785556325188994,3.3337123058593496,4.353558863482143,5.369383009923297,0.13157142306198702
5.16,1.2405076138033786,2.3178609342739405,3.3737539829632954,4.394181952785015,5.409734093043149,0.172441514649561
5.18,1.2803100113046375,2.357899731976801,3.4131216999206075,4.434085567752922,5.449373590540613,0.21258280764844958
5.2,1.3207828374992896,2.3972009654572455,3.4531650311809323,4.474697070774829,5.489753830166616,0.2534447639673434
5.22,1.3605769880999146,2.437235644587825,3.4925345273702986,4.514589840571567,5.529421330772385,0.2935775662012033
5.24,1.4010414706781558,2.4765327345638313,3.532580112144838,4.5551919218673556,5.56982941164763,0.3344311891307874
5.26,1.4408263982737113,2.5165632651681364,3.5719520148964126,4.595075934169331,5.609523612743282,0.3745552759235154
5.28,1.4812815681196785,2.555856228215081,3.612000524746655,4.635670616727452,5.649958207803265,0.4154002653953984
5.3,1.5210563738073946,2.59588267369586,3.65137552772287,4.675547818316307,5.689677793125829,0.45551531662687317
5.32,1.5615013433557972,2.6351716175141306,3.6914276955472927,4.7161369826124835,5.730137558063689,0.4963512835194977
5.34,1.6012652101168987,2.675194133484718,3.7308065480380024,4.756009178521321,5.769881192856006,0.5364568963398704
5.36,1.6416991778911463,2.714479255449715,3.7708631572726854,4.796594561619834,5.810364761903974,0.5772833752891702
5.38,1.6814513748792346,2.7544980878258207,3.8102466535721193,4.836463414356028,5.850131089249849,0.6173790767262233
5.4,1.7218736295978145,2.793779672802944,3.850308527489028,4.8770466091335045,5.890637072139106,0.6581955388065087
5.42,1.761613515978508,2.8337951551688922,3.8896974963854047,4.916913638050131,5.930424710443781,0.6982807982195873
5.44,1.8020234401779482,2.873073572630505,3.929765487521105,4.956120116460477,5.970951690500556,0.7390866634453852
5.46,1.8417504684720365,2.9130861229185916,3.9691470227131944,4.99601412608177,6.010745492649431,0.779160904776418
5.48,1.8821475416019249,2.9523616860079245,4.009208801916984,5.035247025991641,6.0512788263864135,0.8199554170018686
5.5,1.9218612577438434,2.992371535802839,4.048584838913977,5.075167640397138,6.09107842617681,0.8600177644299396
5.5200000000000005,1.9622450506835218,3.031644521354357,4.088642314566119,5.114426573756237,6.131617672177262,0.9008000275474943
5.54,2.001945088881056,3.071652009224731,4.128014714034828,5.154373381216143,6.171422599438039,0.940849614681839
5.5600000000000005,2.0423152645960725,3.110922795869731,4.16806971734484,5.193657921793994,6.211967215188368,0.9816187471241994
5.58,2.082001350570931,3.1509283592782067,4.2074402612782915,5.233630468017108,6.251776903202865,1.0216547253991406
5.6000000000000005,2.1223576669393776,3.190197419355611,4.247494542267811,5.272940145129595,0.00914094566950772,1.0624098685893333
5.62,2.162029620372314,3.2302015863165363,4.286864930026412,5.312937927428305,0.048954739034038644,1.1024314155048809
5.64,2.202371932206213,3.269469477548122,4.326920153424413,5.352272220574353,0.08950810156469934,1.143171742108369
5.66,2.2420296683898546,3.309472858058469,4.366291997718675,5.392294682953428,0.1293252644479115,1.1831780692427256
5.68,2.2823579286572615,3.3487402150148418,4.406349738837871,5.431653017366819,0.16988184226458913,1.2239027911487286
5.7,2.322001459364463,3.388743492286867,4.445724561719922,5.471699546539229,0.2097015670268876,1.2638931518729057
5.72,2.3623157196225684,3.4280110176732674,4.48578630238133,5.5110812896568815,0.25026049485770774,1.3046015278364058
5.74,2.401945153202569,3.4680149392000774,4.525165531310591,5.551151211985963,0.29008191098437097,1.3445752246656337
5.76,2.4422455632565403,3.507283394993596,4.565232655881244,5.59055567082995,0.33064226509041184,1.385266567546345
5.78,2.481861103975464,3.547288763481189,4.604617619927583,5.630648250192884,0.3704644483870678,1.4252229590678884
5.8,2.5221479107819733,3.5865589619532376,4.644691411534202,5.670074669659046,0.4110252560070007,1.4658966426076838
5.82,2.5617498574282203,3.6265666261547267,4.684083337779582,5.710189106221936,0.45084723800184273,1.5058351499299982
5.84,2.602023403266543,3.6658394208146428,4.724164974758562,5.7496366682631335,0.4914074869761344,1.54649061501588
5.86,2.6416121470453735,3.7058502663043145,4.763564984955732,5.789772098152991,0.5312282644696905,1.5864107276896664
5.88,2.6818728669826233,3.7451265428017892,4.8036555375971295,5.8292399218400615,0.5717869129824966,1.6270474880552044
5.9,2.7214488887277173,3.7851414827283554,4.843064645141096,5.8693954176937595,0.6116054576829492,1.6669487694227967
5.92,2.761697307408177,3.8244221497539996,4.883165072781344,5.908882560131975,0.6521614440573885,1.7075664167470346
5.94,2.801261174141138,3.864442115613914,4.922584180046282,5.949057132496879,0.691976712237419,1.7474485086825644
5.96,2.841497901932738,3.9037280958386757,4.96269532856102,5.988562590570356,0.7325289647183036,1.7880467170515566
5.98,2.8810502628044485,3.9437540283117007,5.002125224651891,6.028755190125855,0.772339906828209,1.8279093440604675
6.0,2.9212759913382844,3.983046249407067,5.042247824396714,6.068277903036974,0.8128873532854882,1.8684878737628474
6.0200000000000005,2.96081757298865,4.023079089297365,5.0816891833610915,6.108487423600656,0.85269292345688,1.9083308464154385
6.04,3.0010330701299774,4.062378475079278,5.121823847604004,6.148026276166159,0.8932345009430538,1.9488895470496181
6.0600000000000005,3.0405646715050008,4.102419154406193,5.161277227145529,6.188251558443004,0.9330336663178262,1.9887127647293779
6.08,3.0807707757964424,4.141726616146402,5.201424451030568,6.227805385103189,0.97356833041338,2.0292515776060975
6.1000000000000005,3.1202932624637065,4.181776049429754,5.240890291760978,6.268045221130887,1.0133600802337426,2.06905503055953
6.12,3.1604908770834563,4.221092477378887,5.281050451837754,0.02442750344368723,1.0538868141161886,2.1095739903894457
6.140000000000001,3.2000051750890086,4.261151553164034,5.3205290770996445,0.0646806416822336,1.0936701685134276,2.149357761069891
6.16,3.2401952613686524,4.300477808330983,5.360702431448502,0.1042607423262789,1.1341879916878153,2.189856996931657
6.18,3.27970235067998,4.340547380999053,5.400194047735791,0.1445258933353287,1.173962010109982,2.2296212606351498
6.2,3.319885921228162,4.379884287231332,5.440380736712888,0.18411721887038926,1.2144699867416562,2.2701009962249885
6.22,3.3593868288094613,4.419965169139943,5.479885434710541,0.2243930615136092,1.2542337759635402,2.3098460210215372
6.24,3.399564940289048,4.4593135055494315,5.52008548233145,0.2639942974283595,1.2947310227574742,2.350306574190522
6.26,3.439060732856301,4.499406459548773,5.559603238590171,0.3042794855402526,1.3344837444199498,2.3900327201591884
6.28,3.4792344784639595,4.538766953326748,5.599816554564623,0.3438892958283033,1.3749694379950226,2.4304745017494445
6.3,3.5187262549685,4.578872685695182,5.639347233820287,0.3841824652757679,1.4147103156250767,2.470182219530342
6.32,3.5588967566666643,4.618246005359655,5.67957361624447,0.4237994995493352,1.4551836993362068,2.5106057315259576
6.34,3.5983856405569137,4.65836515920193,5.719116974385772,0.4640992756175886,1.4949120248035688,2.5502955602066564
6.36,3.638554041109069,4.697751908319082,5.759356113092194,0.5037221765087875,1.5353724149695107,2.5907013932194207
6.38,3.6780411724209676,4.737885057468778,5.798911800773667,0.5440271815393322,1.5750875543407943,2.6303739575773353
6.4,3.7182086272819515,4.777285768888745,5.839163281332093,0.5836545923170259,1.6155343458405984,2.6707627876913502
6.42,3.7576951546093396,4.817433412354742,5.878730848223144,0.6239634535240378,1.655235744597065,2.7104187948173983
6.44,3.797862823722994,4.856848542999943,5.918994156579537,0.6635940258532539,1.6956684158036315,2.750791379820252
6.46,3.8373498961197523,4.897011099994495,5.958573056233674,0.7039053832441997,1.735355603394095,2.790431615152491
6.48,3.8775189356767576,4.936441026236406,5.998847583967545,0.7435377850148718,1.7757737204188004,2.830788790183959
6.5,3.917007694542951,4.976618831819701,6.0384371792895655,0.7838502993412836,1.8154463141246813,2.8704141129829996
6.5200000000000005,3.957179248752006,5.016063845477074,6.07872222946366,0.823483222493553,1.855849534352683,2.910756785635236
6.54,3.9966708197565315,5.056257146850125,6.118321798746235,0.8637955831587433,1.8955072424477573,2.9503681239360353
6.5600000000000005,4.036846012682224,5.095717451838523,6.158616592316238,0.9034277514332087,1.9358953173491817,2.9906972688419
6.58,4.07634149777458,5.135926405312692,6.198225335811283,0.9437386842852418,1.975537941542043,3.030295613919034
6.6000000000000005,4.116521425295277,5.175402114971496,6.238529018557216,0.9833688608283858,2.015910718749818,3.0706122668676046
6.62,4.156021894858987,5.215626783639069,6.278146065541628,1.0236771357688315,2.055538155902468,3.110198667253395
6.640000000000001,4.196207616797902,5.25511791875811,0.035272408297339165,1.0633041305263322,2.095895580552958,3.1505039188738753
6.66,4.235714101997839,5.295358270883955,0.07489682458728444,1.1036085688681618,2.135507823674172,3.1900794739707354
6.68,4.275906634479983,5.334864758447445,0.11521545979630782,1.143231245701872,2.175849939012002,3.2303744630278817
6.7,4.315420119855356,5.375120666597126,0.15484625565929686,1.1835307272132807,2.21544707752915,3.2699403163580443
6.72,4.355620427942469,5.414642339257772,0.19517084250928182,1.2231480106812855,2.2557740247826215,3.310226222703929
6.74,4.395141844296453,5.45491358017237,0.23480698091879093,1.263441480256166,2.29535624410044,3.3497835548412995
6.76,4.435350834951069,5.494450176463391,0.275136442588043,1.3030523619994387,2.335668261638683,3.390061592069734
6.78,4.47482534955759,5.5347364316859125,0.3147768477616323,1.3433388358996339,2.375235841998012,3.429611613300007
6.8,4.515046047760985,5.574287040758133,0.35511007302220204,1.382942380583351,2.4155332637854943,3.469882464193428
6.82,4.5545332171165755,5.614587374371626,0.39475363361896765,1.4232209522026114,2.4550865728778173,3.5094258832375287
6.84,4.59476619993999,5.654151623848934,0.43508947513446045,1.4628163028538426,2.4953698155554926,3.5496908797020588
6.86,4.634266525425883,5.694465602173393,0.47473505456093845,1.5030861476362887,2.5349093074253672,3.5892290136162917
6.88,4.674512304348982,5.7340430233239275,0.5150723504989985,1.5426725302703452,2.575178879956441,3.6294894906354767
6.9,4.714026222025487,5.774370116805346,0.5547188018158957,1.5829329103561423,2.6147050977799995,3.669023655977445
6.92,4.754285237399148,5.813960148233464,0.5950563847767193,1.622509638406838,2.6549615977079104,3.70928094412884
6.94,4.793813112720269,5.854299735556612,0.6347025595155716,1.6627599067933685,2.6944751698510245,3.748812449561373
6.96,4.834085728817424,5.893901727552041,0.6736284904183549,1.7023263849294947,2.7347192789773422,3.7890678674508917
6.98,4.873627851943973,5.934238994640997,0.7133014238210154,1.7425519029368626,2.77422091449725,3.8285980062883516
7.0,4.913914211590168,5.973838680045397,0.7522527106663619,1.782094096300978,2.8144532531683,3.868852852956315
7.0200000000000005,4.953470520044821,6.014173943207613,0.7919496373884168,1.8222955132629315,2.853943463699889,3.9083828928916953
7.04,4.993770566045921,6.0537715749723215,0.8309236027210105,1.8618140816061164,2.8941646103094616,3.9486384320211654
7.0600000000000005,5.03334094672039,6.09410499473814,0.8706418875164964,1.9019920659804843,2.9350456337402164,3.988169600161395
7.08,5.073654565405404,6.133700677179789,0.9096359831124727,1.9415017059726338,2.9752282916671673,4.028441065700803
7.1000000000000005,5.113238988763431,6.174032270691539,0.9493732617310224,1.9816703986794644,3.016072003681245,4.067987989873929
7.12,5.15356627648609,6.213625974568542,0.9897957719884594,2.0211707218512824,3.0562186023845994,4.108275453223548
7.140000000000001,5.193164767082273,6.253969738519337,1.0295217589917838,2.0613438764607777,3.097027435754453,4.147838206982047
7.16,5.233505863386114,0.010389544437295277,1.0699326790774053,2.1008481400680425,3.1371405183306087,4.18814176539163
7.18,5.273118623694316,0.05074415663674243,1.1096470045269833,2.1410244375270047,3.1779171508694892,4.22772044591898
7.2,5.313473685970521,0.09035936791392714,1.150045951317354,2.180531417057323,3.2179993466901275,4.268040219022032
7.22,5.353100791043432,0.1307234884591917,1.1897482470075553,2.2207097331580834,3.258746393237628,4.3076349433939205
7.24,5.393469848465697,0.17034747195540967,1.2301348460764228,2.260218393574165,3.298800268384477,4.347971063394805
7.26,5.433111249658151,0.2107197485070089,1.2698247568649275,2.3003977909960605,3.339520280402125,4.387581956218271
7.28,5.473494207217318,0.2503511687657537,1.310198653452511,2.339907278741315,3.379548336990366,4.427934555825585
7.3,5.513149736326653,0.2907302423733119,1.3498758477141803,2.3800869989104965,3.4202438014003467,4.467561737675264
7.32,5.553546379301811,0.33036776036902277,1.3902367168032903,2.419596633730941,3.4602484761913805,4.507930938849903
7.34,5.593215753147299,0.3707522717567016,1.4299008959939727,2.4597760884792113,3.500921813547833,4.547574515517383
7.36,5.633625752031361,0.41039455123545593,1.4702484514803673,2.4992853550454917,3.5409054759389016,4.58796041905223
7.38,5.673308577486951,0.4507831474567306,1.509899358799936,2.5394641180558177,3.581559038019074,4.627620471625114
7.4,5.713731493376825,0.4904288616018228,1.5502333617474295,2.5789726573757727,3.6215239874951575,4.668023147573546
7.42,5.75342727286377,0.5308202029737792,1.5898707898945252,2.6191504554084806,3.6621600543956534,4.707699723360802
7.44,5.793862563317486,0.5704680413080281,1.6301910558687853,2.6586580560267405,3.702108517527023,4.748119202330812
7.46,5.833570700755734,0.6108608085364751,1.669814853883238,2.698834759926283,3.7427292943483637,4.787812306650419
7.48,5.874017726111243,0.6505094839744778,1.710121259361897,2.738341348912985,3.7826634214152386,4.828248571980298
7.5,5.913737533321057,0.6909023853828721,1.7497313385544742,2.7785169644005494,3.823271034616029,4.867958160824059
7.5200000000000005,5.95419556346395,0.7305506413484268,1.7900238264150325,2.8180225981363463,3.863192895939834,4.908411141654061
7.54,5.9939262670019735,0.7709424201259422,1.829620165388008,2.8581972563984803,3.903789389439881,4.94813711524276
7.5600000000000005,6.034394488562217,0.8105890376524209,1.8698987494789492,2.8977021111676833,3.9437009714987212,4.9886066804951215
7.58,6.074135236969279,0.8509784790394019,1.909481398244852,2.9378760592555935,3.9842883026085145,5.028348877734945
7.6000000000000005,6.114612760920226,0.8906222837740277,1.9497461670493603,2.978761765337468,4.024191504012517,5.0688348310120706
7.62,6.154362632351609,0.9310082221065705,1.9893290630969442,3.018907824702382,4.064785331213356,5.108593024860424
7.640000000000001,6.194848501978122,0.9706482290687037,2.029593434200086,3.059766601724833,4.10469521066965,5.1490952381675985
7.66,6.234606514935144,1.0110298223645102,2.069175697199415,3.099886859689919,4.14529622439669,5.188869399300702
7.68,6.275099722183348,1.0506652181565606,2.10943887458695,3.14072080666194,4.185213452031665,5.229387785429014
7.7,0.03167954401648302,1.091041655411432,2.1490197828659245,3.1808173305676317,4.225822323954754,5.2691777806205
7.72,0.07217903935346036,1.1306716610240013,2.1892811281213467,3.2216285251198955,4.265747547156375,5.309712147360114
7.74,0.11195022190913088,1.1710421713979509,2.228860113577869,3.2617033591066487,4.3063649202340315,5.3495177405773
7.76,0.152454921618138,1.2106660509752807,2.269119140543797,3.3024938538676616,4.346298754085184,5.390067792173374
7.78,0.19223106547834654,1.2510299123108322,2.308695783155649,3.3425490151094794,4.386925233218339,5.429888646312308
7.8,0.2327398593074852,1.290646981242405,2.3489521521818904,3.383320833566538,4.426868251539201,5.470453985577137
7.82,0.2725198501427053,1.3310035278828776,2.3885261741117567,3.4233583080269896,4.467504394859257,5.51028966484616
7.84,0.3130316092338936,1.3706131601914275,2.428779685890784,3.464113439944261,4.507457121892424,5.55086979593356
7.86,0.3528696829058817,1.4109617900709925,2.4683509451894685,3.5041351777260172,4.548103432717495,5.590719768888187
7.88,0.3933815329468968,1.4505639779048372,2.5086015341854866,3.544875574191356,4.58806633548861,5.631314654290619
7.9,0.4332185991509955,1.4909046836848996,2.548170023629661,3.5848834845495294,4.628723260507507,5.6711788223557535
7.92,0.47372953638516563,1.530498872919944,2.588417761765965,3.6256110528314007,4.668696752561775,5.711787715125142
7.94,0.5135646265357484,1.570831136019736,2.6279836005350474,3.6656069992413793,4.709364673971241,5.751665305328283
7.96,0.5540736388504983,1.6104168546094784,2.668228677526877,3.7063235975947775,4.749349096838262,5.792287377850669
7.98,0.5939057794778017,1.6507402421951651,2.707792097918786,3.746309392338628,4.790028320642028,5.832177539959524
8.0,0.6344118558942479,1.6903171039856781,2.7480348137527715,3.78701682427983,4.830023938587323,5.872811888743206
8.02,0.6742400779825378,1.730631272432122,2.7875961535822973,3.826994222790113,4.870714689705823,5.912713700266552
8.040000000000001,0.7147422180210343,1.7701989802389206,2.8278369106408836,3.8676942312886387,4.910721685250336,5.953359351365952
8.06,0.7545655661899311,1.810503677837851,2.8673966053025657,3.907664926438467,4.950016133009997,5.993271823163447
8.08,0.7950627890386757,1.85006202577906,2.9076359001625427,3.948345110539768,4.990062710887644,6.033913660631334
8.1,0.8348801897313384,1.8903570946905555,2.9471943336180604,3.9882972195353674,5.029395609947066,6.073822236118686
8.120000000000001,0.8753712704421556,1.9299059669643317,2.9874324758338213,4.0289602812000425,5.069480131672328,6.114460262015634
8.14,0.9151815655988931,1.9701913362028827,3.026989997087174,4.068896409629551,5.1088498629060055,6.154364893731018
8.16,0.955665348341317,2.0097307003931015,3.067227405100204,4.109544892182759,5.148970710171898,6.194998979097109
8.18,0.9954674498985847,2.050006384971954,3.106784465625073,4.14946748864944,5.188375671351887,6.234899495914193
8.2,1.0359428531169248,2.0895362938061766,3.147021654755898,4.190103777347086,5.228531237146075,6.275529394270076
8.22,1.075735748008478,2.129802395998105,3.1865787966481065,4.2300151339990055,5.267969834718862,0.03224020753385007
8.24,1.1162017693864748,2.169322988204169,3.2268163671747168,4.2706414563870805,5.308158515779997,0.07286556830733952
8.26,1.155984524320749,2.2095796979065954,3.2663742114018666,4.310543709277844,5.347629157952588,0.11275691377703105
8.28,1.196440245476602,2.24909119820196,3.3066128367436245,4.351162135433526,5.387849348530491,0.15337729562473143
8.3,1.2362120114172885,2.2893387924422046,3.346172071511946,4.391057264799733,5.427350439628156,0.19326340349772098
8.32,1.2766566022590113,2.32884151069246,3.386412486541481,4.4316697075384175,5.46760052650837,0.23387828748567122
8.34,1.316416618542977,2.3690803523111668,3.4259738558031922,4.471559538075069,5.507130462563256,0.27375862405682133
8.36,1.356849341221372,2.4085746818962592,3.466216845311831,4.512167753202893,5.547408821312986,0.31436742665955847
8.38,1.3965969392553659,2.448805217449197,3.5057811374392243,4.552053954413319,5.586965986839228,0.3542413998807067
8.4,1.4370171516593233,2.488291632877944,3.546027524784291,4.59265954110001,5.62727097922782,0.3948434857544571
8.42,1.4767517581442415,2.528514389798348,3.5855955614393653,4.63254362779216,5.666853745134858,0.43471045772691
8.44,1.5171589168904966,2.567993443613667,3.62584619740412,4.671762380585527,5.707183717677899,0.4753051522098596
8.46,1.5568800565293142,2.608209026679119,3.665404966693457,4.7116733356275855,5.746776604206762,0.5151644513833169
8.48,1.5972737194061808,2.6476812073394607,3.7056474252870513,4.750918512933246,5.787116595267051,0.5557509143340099
8.5,1.636981014292053,2.6878900258861327,3.7451988619008163,4.790855920623905,5.8267190224135685,0.5956015791448463
8.52,1.6773608340545587,2.727355777761861,3.7854350545641786,4.830127087006654,5.867068387297642,0.6361788411588335
8.540000000000001,1.7170539978164354,2.76755834094553,3.8249810149561494,4.870090488890357,5.9066796825430465,0.6760199311495271
8.56,1.7574197221605146,2.8070182032332096,3.8652127721134586,4.9093871645074065,5.947037687028628,0.7165870488281558
8.58,1.7970985625468234,2.8472151117020683,3.9047550304312715,4.949376053607424,5.986657093142875,0.7564176527117901
8.6,1.8374500362679416,2.8866697101000525,3.944984097280188,4.9886977089007045,6.027022921607797,0.7969737167439358
8.620000000000001,1.8771144569299953,2.926861647427283,3.9845243412349824,5.028711524866596,6.066649604837776,0.8367929602421385
8.64,1.9174516232742727,2.966311685589335,4.024752373515522,5.06805757616117,6.107022368760352,0.8773371032169358
8.66,1.9571016247568847,3.0064994094945248,4.064292200258299,5.108095701334033,6.146655427363112,0.917144156602731
8.68,1.9974245259746988,3.0459456602911095,4.104520760067443,5.1474655073441555,6.187034174150259,0.9576755604860688
8.700000000000001,2.037060205926006,3.0861299936822517,4.1440616721376315,5.1875272637392085,6.226672647225912,0.9974696457675309
8.72,2.077368983042558,3.125573290301668,4.184292223854831,5.226920122979559,6.26705636932016,1.0379875489797898
8.74,2.1169905356593746,3.165755112171909,4.223835625264515,5.267004770181337,0.02351393871471512,1.0777679466652301
8.76,2.1572854274809634,3.2051963390956764,4.264069531651103,5.30641991927661,0.06390158292664251,1.1182716507028772
8.78,2.196893142210049,3.2453765753111266,4.303616724166194,5.346526653237456,0.10354781122794746,1.1580377060935083
8.8,2.2371744835888085,3.2848166592001076,4.343855242699324,5.385963266118784,0.14393828823673982,1.1985265816426234
8.82,2.2767687431082475,3.324996273216962,4.383407422376457,5.426091218846365,0.18358678511190016,1.238277710604174
8.84,2.317036962491822,3.364436173746494,4.423651701875612,5.465548406818075,0.2239789790736045,1.278751203099737
8.86,2.3566182400002385,3.4046161572974287,4.4632099559108624,5.505696646932531,0.263628639479053,1.3184868972702362
8.88,2.396873856296315,3.4440568579813657,4.503461033511991,5.545173459587582,0.30402141767971397,1.3589445318609152
8.9,2.4364427121408876,3.4842382217726873,4.543026337454458,5.585340993723568,0.34367112418759727,1.3986643632577578
8.92,2.476686330929666,3.5236807208176533,4.583285135983629,5.624836420680701,0.3840633466768998,1.43910574914201
8.94,2.5162434086068863,3.563864485279972,4.622858351363604,5.665022195704156,0.4237119789315796,1.4788093741374089
8.96,2.5564757177374116,3.6033097865123325,4.663125677158449,5.704535169134423,0.4641025080718413,1.519234208242784
8.98,2.596021739303203,3.6434969726486344,4.7027075495761945,5.744738075138501,0.5037489521327828,1.558921370882703
9.0,2.636243503912112,3.6829460765577005,4.742984090799522,5.784267473043519,0.5441366619981319,1.5993294408663226
9.02,2.6757792648403598,3.723137696933577,4.782575248516644,5.824486347082702,0.5837798195054078,1.6389999755139244
9.040000000000001,2.7159913218338843,3.7625915918753403,4.8228615740022995,5.864030997281752,0.6241636050667665,1.6793911620680861
9.06,2.755517685364601,3.802788641796797,4.862462527073299,5.904264627798027,0.6638024021664984,1.7190449953585578
9.08,2.7957209374067844,3.842248295403056,4.9027590857396985,5.943823312576056,0.7041811881995098,1.7594192738112737
9.1,2.8352388284270718,3.882451744327751,4.942370225716533,5.98407044446599,0.7438145841683937,1.7990564259105557
9.120000000000001,2.8754342374789825,3.9219180951658195,4.982677346578317,6.0236419058298605,0.7841873338236282,1.8394138671164622
9.14,2.9149446359816733,3.9621288783937563,5.022298946815683,6.06390124609684,0.8238143293341622,1.8790344522818612
9.16,2.9551332164380493,4.00160282792201,5.062616839618531,6.103484191582725,0.8641800523118215,1.91937522280437
9.18,2.9946371506044294,4.041821838611614,5.102249056202153,6.143754415514313,0.9037996972829525,1.9589794492502304
9.200000000000001,3.0348199620756233,4.08130424347592,5.142577812700188,6.183347524485173,0.9441574575577174,1.9993038108409313
9.22,3.0743185010299836,4.12153232503103,5.182220686014647,6.223627282291803,0.9837688585392497,2.038891979917482
9.24,3.11449664081834,4.161023989746569,5.222560281903852,6.263229212660416,1.024117781584899,2.079200288303659
9.26,3.1539908871032605,4.201261928619189,5.262213738850511,0.020331829328785703,1.0637201086281234,2.1187727930017575
9.28,3.1941654824241517,4.240763598681391,5.302564036365409,0.05994122463884508,1.104059388095953,2.159065495997416
9.3,3.2336565642464445,4.2810121176339475,5.342227893234725,0.10023593600787402,1.1436518810674827,2.198622818796255
9.32,3.2738287642451263,4.320524473101,5.382588644409165,0.13985143280338616,1.1839807848773454,2.238900453756289
9.34,3.313317827543212,4.36078422497049,5.42226261040534,0.18015155009722722,1.2235627591779663,2.278443163835096
9.36,3.3534887951594565,4.4003078745584014,5.462633460991709,0.2197717855087655,1.2638806349858107,2.3187063544760886
9.38,3.392976995543679,4.440579436562986,5.502317142401121,0.26007593184560035,1.3034514866412676,2.358235104314552
9.4,3.4331478992767774,4.480114912292169,5.542697636435694,0.29969955132098375,1.3437577666523617,2.3984845569293065
9.42,3.4726363938947333,4.520398780918556,5.58239054142402,0.3400063624301553,1.3833169767482478,2.438000078324805
9.44,3.512808399521959,4.559946533348601,5.622780126419604,0.37963202753683645,1.4236111818506691,2.4782365774209127
9.46,3.552298338901341,4.6002431198559695,5.662481670436112,0.419940159688267,1.4631583202889615,2.5177396769536906
9.48,3.592472601203321,4.639803513942466,5.702879703176594,0.4595665559151142,1.5034400634874314,2.5579640803494454
9.5,3.6319651211250656,4.680113140515623,5.742589214937666,0.49987469380863775,1.5429747920476016,2.597455634329651
9.52,3.6721427756716665,4.719686452119734,5.782994967842768,0.5395005382959159,1.583243781183218,2.6376688677432263
9.540000000000001,3.7116389891262935,4.7600093487007005,5.822711695860625,0.5798074028392144,1.6227658558761946,2.6771498166762218
9.56,3.7518211441766693,4.799595761778558,5.863124363883072,0.61943145196732,1.663021895623012,2.7173528678464702
9.58,3.791322133456645,4.839932063601939,5.90284748349975,0.659735807873305,1.7025311683315452,2.7568242104550595
9.6,3.831509862026879,4.8795316680969005,5.943266191511275,0.6993568646432405,1.7427741614662455,2.7970181228344213
9.620000000000001,3.870960947424281,4.919881413950015,5.982994812392425,0.7396575277804761,1.7822705808703148,2.836480909678669
9.64,3.911157493748063,4.959493647986786,6.023418623009728,0.77927444892206,1.8225005288163074,2.8766662185737997
9.66,3.9506184875607615,4.99985625568133,6.063151791483839,0.8195702933551939,1.861984135043623,2.9161210217093356
9.68,3.9908246429724388,5.039481092204868,6.103579702605129,0.859181995991286,1.902201127004352,2.9562989361207856
9.700000000000001,4.030296265216148,5.079856476444275,6.143316411321438,0.8994719603300212,1.941672052539775,2.995746960229221
9.72,4.070512773369383,5.119493785218365,6.183747377199057,0.9390774280747798,1.981876277164211,3.035918716561835
9.74,4.109995695760595,5.159881756553505,6.223486579588176,0.9793605216894509,2.0213347515778026,3.0753611900576807
9.76,4.150223245615944,5.199531305536562,6.26391951941414,1.0189588106807055,2.0615264951617824,3.115528045077452
9.78,4.189718084776775,5.2399315721563005,0.02047483108359448,1.0592341195563317,2.100972843044888,3.154966213076941
9.8,4.229957304051155,5.279593029589808,0.060908637797453355,1.098824363987851,2.141152487079405,3.1951294366362117
9.82,4.269464615191507,5.320005199833222,0.10064957401296763,1.1390910560477776,2.180587125347906,3.234564553720407
9.84,4.309716064309467,5.359678137036891,0.14108312326319566,1.1786724731607219,2.220755143435868,3.2747254213028447
9.86,4.349236335424909,5.4001017226176415,0.1808232647533615,1.2189298030213453,2.2601785780233845,3.3141587441259186
9.88,4.389500502009929,5.4397856174790595,0.22125542394205788,1.2585016975194088,2.300335532189979,3.354318529263298
9.9,4.429034148631874,5.480220037406047,0.26099365454848894,1.2987490106428647,2.3397483541572424,3.3937513090574107
9.92,4.469311442573844,5.519914278546278,0.30000894867510164,1.338310778500974,2.379894890582372,3.4339112756707113
9.94,4.508858803106379,5.560344722299753,0.3397724044321088,1.3785333930520665,2.4192977716720927,3.4733447506993236
9.96,4.549149410842206,5.600035045568235,0.3788115609434001,1.4180709565074663,2.4594344746764896,3.5135061454169785
9.98,4.5887104685402,5.640461870680059,0.4185974990935137,1.4582695175662788,2.4988278885629867,3.5529415306068457
10.0,4.629014374547396,5.680148568136911,0.45765786115573975,1.4977835309366245,2.5389553002369314,3.5931055668688874
10.02,4.668589060309557,5.720571974695672,0.4974636672810886,1.5379587024538837,2.5797455310377253,3.6325440387424073
10.040000000000001,4.70890619101271,5.760255188128835,0.5365427056522178,1.577463897651493,2.619836236925031,3.672725943261542
10.06,4.748494517980735,5.8006752310755525,0.5763660350799226,1.6176298550102883,2.6605908887274987,3.7121821204085426
10.08,4.788825009020306,5.840354966998991,0.6168754224630593,1.657125833873699,2.700647288632828,3.752381914534146
10.1,4.828427043000251,5.880785712685093,0.656685941027131,1.6972963556162082,2.7413687658210004,3.791855820309134
10.120000000000001,4.868771071805011,5.92047542518004,0.6971822088079074,1.736796398244516,2.7813933733353537,3.832073553502319
10.14,4.908387055296006,5.960915582465927,0.7369795679387675,1.7769701537474711,2.8220843257890946,3.8715652371632165
10.16,4.948744815655305,6.000613989714817,0.7774623542264176,1.8164730233686126,2.8620797409480123,3.9118009834557443
10.18,4.98837486175802,6.041062248068655,0.8172462053184375,1.8566488772756788,2.9027427553753684,3.951310516347164
10.200000000000001,5.028746417379833,6.080768051696707,0.85771515517747,1.8961535270479906,2.942711514821423,3.991564364438543
10.22,5.0683905135118765,6.121223086420012,0.8974851610787733,1.9363305313180281,2.983349114445441,4.031091827532724
10.24,5.10877580204014,6.160934976876092,0.9379399376614679,1.9758360963427801,3.0232936908392367,4.071363868628286
10.26,5.148433814066184,6.201395454897867,0.9776957832867522,2.0160134821207327,3.0639083343244033,4.110909340865046
10.28,5.1888326515334295,6.241112117356474,1.0181360780716402,2.0555192712750077,3.103831135041291,4.151199657330277
10.3,5.22850432833333,6.281576703504948,1.0578774801237987,2.0956964405654297,3.144425214748671,4.190763204771487
10.32,5.2689164140677835,0.03811151701989105,1.098303022246819,2.1352019281384855,3.1843285799483283,4.231071859619094
10.34,5.308601392558116,0.07857888068079355,1.138029738035937,2.1753784452686675,3.2249044196063292,4.270653525433852
10.36,5.3490263145565295,0.11830115357830667,1.1784403027040504,2.2148832623915493,3.2647906197602565,4.310980552660339
10.38,5.388724125173203,0.1587699756490077,1.2181521380555453,2.255058845257613,3.3053504716359,4.350580347957074
10.4,5.429161365942836,0.19849310937747022,1.2585475540360178,2.294562771121878,3.3452217045958936,4.39092574374537
10.42,5.468871438584723,0.23896208942733443,1.2982443702831927,2.334737282217113,3.3857677462494955,4.43054363926664
10.44,5.509320381450158,0.27868481436757814,1.3386245264654832,2.3742402350841423,3.425626133938213,4.470907354070475
10.46,5.549042051876154,0.3191526779165081,1.3783062465254825,2.4144136723142564,3.4661604646424373,4.5105432727651245
10.48,5.589501987739132,0.35887375337306593,1.4186710975565464,2.4539157003217626,3.5060080494452674,4.550925204289434
10.5,5.6292345044037395,0.3993392592024481,1.4583377110925675,2.494088187616659,3.5465326863476236,4.590579014775206
10.52,5.669704638936901,0.4390574805699328,1.498687282090377,2.533589459393668,3.5863714272831957,4.630979001864886
10.540000000000001,5.709447170242426,0.4795194279830555,1.5383388497669175,2.573761237129866,3.6268883013891298,4.670650512792349
10.56,5.74992663149097,0.5192336338278271,1.5786732401210177,2.614646253819139,3.666720070133887,4.711068330239158
10.58,5.789678273427745,0.5596908697802747,1.6183237385650857,2.654790079988855,3.707244842888371,4.750757285565127
10.6,5.830166119786453,0.5994000869729565,1.6586564041094223,2.6956480847944926,3.7470846994379268,4.791192778027324
10.620000000000001,5.869925906686256,0.6398517813106877,1.6983049605995981,2.735766045329038,3.7876180334312273,4.830899121148574
10.64,5.910421143281725,0.6795552072793206,1.738635113368891,2.7765991367784824,3.8274666196387312,4.871352175388392
10.66,5.9501880635385795,0.7200005595095189,1.7782810140057632,2.8166932980157346,3.868009159494794,4.911075746797648
10.68,5.990689652114249,0.7596974248474822,1.8186080238347568,2.8575035536501905,3.9078670953119476,4.951546145501324
10.700000000000001,6.030462655139008,0.8001356734422613,1.8582507085509279,2.897575959152676,3.948419457756143,4.991286683799552
10.72,6.0709695213773935,0.8398252507906647,1.8985740978329988,2.938365431937736,3.988287331676478,5.031774106950201
10.74,6.110747524948739,0.8802556818279861,1.938213154994646,2.978418098757715,4.028850096197632,5.0715312504978325
10.76,6.1512585661552155,0.9199372940886282,1.9785325930205642,3.019188812974754,4.068728456303379,5.112035277404845
10.78,6.191040464095884,0.9603592491969752,2.0181677536176195,3.0592237274377783,4.109302156444571,5.151808566622087
10.8,6.231554557170946,1.0000322770449026,2.0584830504948615,3.0999776741282132,4.149191502090748,5.192328678613469
10.82,6.271339227276407,1.0404451606222818,2.0981141819225733,3.1399967872059413,4.189776617402641,5.232117558932874
10.84,0.028669929722429145,1.0801090492910908,2.1384252820811076,3.1807359192397184,4.2296773915711,5.27265314270981
10.86,0.0684562418682719,1.1205123349732775,2.1780523815209736,3.2207411415820633,4.270274340260462,5.312456968177315
10.88,0.10897302883326397,1.1601666002907,2.2183593568165048,3.261467368421029,4.310186922615303,5.353007319823161
10.9,0.14881520996922998,1.2005598366482693,2.2579825442293795,3.301460565116949,4.3507960549196625,5.392825357336751
10.92,0.18932991126718113,1.2402046230609045,2.2982855866596914,3.3421757473429423,4.390720755593548,5.433390240452394
10.94,0.22916889570747298,1.280587963301405,2.3379051029356135,3.382158732478401,4.431342353437015,5.473222199452027
10.96,0.26968052061149966,1.320222878318019,2.378204527642577,3.422864676265589,4.471279418243757,5.5138006788049765
10.98,0.30951536144153746,1.360595972915755,2.4178207256235527,3.46283920766746,4.511913688897907,5.553645605191143
11.0,0.3500229265425583,1.4002207136971823,2.4581169505799685,3.5035376593358705,4.551863282322374,5.59423667630809
11.02,0.38985268731370293,1.4405833057402735,2.4977302811576165,3.5435054329639697,4.591099436226209,5.63409355049501
11.040000000000001,0.4303552258825885,1.4801976614771037,2.538023819039077,3.5841839661467207,4.631033399504719,5.674682038500869
11.06,0.47017884870140075,1.5205495886670422,2.577634681914782,3.6241325115122933,4.671721938062628,5.714535683015719
11.08,0.5106751408870097,1.5601534393974623,2.617925852752578,3.664807408321084,4.7117254176198555,5.755135136996429
11.1,0.5504916105463098,1.600494626954725,2.6575347432324676,3.70475349837961,4.751015009364382,5.794999638424413
11.120000000000001,0.5909807776003354,1.6400879393916625,2.697824251161115,3.7454127049000423,4.791000997487602,5.8355952983736525
11.14,0.6307891338744681,1.6804184072907478,2.7374317552484526,3.7853436421486912,4.831740189261236,5.875455306101416
11.16,0.6712700641306094,1.7200012416590043,2.777720097173671,3.826003189588839,4.871793819436219,5.916060538096184
11.18,0.7110694029624076,1.7603210992865947,2.8173268757436754,3.865935497110638,4.911132998987895,5.955929967976476
11.200000000000001,0.7515413390005029,1.799893603631089,2.8576149114625435,3.90658309474014,4.951167140899047,5.99652986903656
11.22,0.7913308241814221,1.8402030553696405,2.8972216952612424,3.946503838085247,4.990545241542341,6.036393238246009
11.24,0.8317927884645063,1.8797654707879847,2.937510056418736,3.987141181713173,5.030616627691061,6.076986958948164
11.26,0.8715715113049404,1.9200648090806214,2.9771174894305457,4.027052556237226,5.07003161777735,6.116843986432226
11.28,0.9120226138519902,1.9596174596757556,3.017406870954991,4.067681765802908,5.110138252930237,6.157431181285311
11.3,0.9517897590739555,1.9999070607439358,3.0570156604895367,4.1075857944194,5.149588123204706,6.197281498127343
11.32,0.9922292070260921,2.039450352309769,3.097306814471863,4.148208816606562,5.189728029328125,6.2378617409023915
11.34,1.0319840559955162,2.079730674477165,3.136917719171355,4.1881073514892115,5.229210787960525,6.277704904389102
11.36,1.0724111566758723,2.1192650925104233,3.177211442872191,4.228725961400512,5.269382000008937,0.03509239499508219
11.38,1.1121530902193566,2.159536673742334,3.2168252609667416,4.268620685728923,5.30889566884078,0.07492790234268899
11.4,1.152567253741277,2.1990627807021372,3.257122385085999,4.307848488763061,5.349096231735894,0.11549270923781947
11.42,1.1922957544974564,2.239326235407948,3.2967260634742046,4.347768587346738,5.388624964250868,0.15532001093857112
11.44,1.2326964958747766,2.278844528677622,3.337014124865437,4.387021401306229,5.428839615158228,0.19587610256678514
11.46,1.2724111473645816,2.319100274767128,3.376609587702294,4.426966598207307,5.46838253498168,0.23569434643709683
11.48,1.3127980799984422,2.358611206971233,3.4168904900346093,4.466244121312991,5.508610374837308,0.27624085744665566
11.5,1.352498560485513,2.398859761888557,3.4564795877992807,4.5062140869695915,5.548166535576576,0.31604920146368054
11.52,1.3928713958840444,2.438363880296134,3.496755158064961,4.545515962638916,5.5884629856508665,0.35658528200254225
11.540000000000001,1.432557480726415,2.478605852916243,3.5363396630546204,4.585510872011783,5.628028398104662,0.39638346634388205
11.56,1.4729160360688196,2.5181037913243363,3.5766116525599885,4.624837206835785,5.668334125542877,0.43690881340488474
11.58,1.5125876100387503,2.5583398736921796,3.6161932650928166,4.664856538838025,5.707907943316967,0.47669597254137624
11.6,1.552931807907606,2.597832344383747,3.656463343406149,4.70420678730072,5.7482220349732325,0.5172097270016942
11.620000000000001,1.592588853492694,2.6380633033922254,3.696043674806756,4.744249961963137,5.787803343548257,0.5569850384219658
11.64,1.6329187164054821,2.677551088584958,3.7363134193497083,4.783623519392664,5.828124822414749,0.5974863890276005
11.66,1.672561314078223,2.7177777570745825,3.7758939877580846,4.82368989487018,5.867712647831002,0.6372490805104468
11.68,1.7128769643160844,2.7572617000736575,3.816164879590954,4.863086094870353,5.908040481989987,0.6777372710433581
11.700000000000001,1.7525052920369033,2.7974849677751448,3.8557471059080477,4.903174965353326,5.947633799802586,0.7174866275103388
11.72,1.7928069507065245,2.836965963988819,3.8960205256897877,4.942593078126416,5.987966911625408,0.7579609634982959
11.74,1.8324212826798258,2.8771867683453944,3.9356057297208977,4.982703672648789,6.027564656074808,0.7976963333928426
11.76,1.8727092680304258,2.9166657562003553,3.975882953904474,5.022142904199238,6.067901931609764,0.8381561883103584
11.78,1.9123099727371409,2.956885073108463,4.015472350759221,5.062274386330467,6.107503004949062,0.8778769894551184
11.8,1.9525846977583692,2.9963630249036566,4.055754548080343,5.101733878534242,6.1478433034369235,0.9183218103694989
11.82,1.9921722352921096,3.0365818594124887,4.095349244885346,5.141885346936767,6.18744658535458,0.9580275352592966
11.84,2.032434204622214,3.0760597721517544,4.135637473199754,5.181364178455827,6.227788748808077,0.9984568478816864
11.86,2.0720091233594973,3.1162791491635056,4.17523846617718,5.221534668284486,6.267393105882657,1.0381470683753222
11.88,2.1122589295363707,3.155758035408744,4.215533669698482,5.261031856300487,0.024550661485030188,1.078560481482614
11.9,2.151821862174431,3.1959789904227947,4.25514184166033,5.301220341414798,0.06415495660732186,1.1182348528626378
11.92,2.1920601812651075,3.2354598692106027,4.2954448486469055,5.340734844150777,0.10449735494129517,1.1586320620621382
11.94,2.2316118402635925,3.2756834391559324,4.335060966951309,5.380940240105525,0.14410045663869128,1.1982903264376727
11.96,2.2718394269104283,3.3151673270216233,4.375372487886905,5.420470960098877,0.18444123798587503,1.2386711172524494
11.98,2.31138059937577,3.3553945412226414,4.4149972028986895,5.460692127873031,0.224042029584207,1.27831310628602
12.0,2.3515982812999603,3.394882443376378,4.455317829207124,5.500237915957842,0.2643800618211727,1.3186773565447827
12.02,2.391129823353459,3.4351143146980085,4.494951673300583,5.540473666376542,0.303977450380261,1.3583029934899151
12.040000000000001,2.431338495358673,3.4746072163983257,4.535281876630363,5.580033326328204,0.34431163071348975,1.3986506750110987
12.06,2.470861326031327,3.5148447326166457,4.574925263767443,5.620282425127535,0.38390455567443926,1.4382599760530466
12.08,2.511061943552159,3.554343590786984,4.615265395877164,5.659854718917772,0.42423381922984327,1.47859115561837
12.1,2.550577038251054,3.5945877062318665,4.654918621789237,5.700115892397302,0.4638212607145677,1.5181842305157824
12.120000000000001,2.590770610492674,3.6340934413658053,4.695268915059289,5.73969954600322,0.5041445887430083,1.5584990701339518
12.14,2.630278994085297,3.674345068881957,4.734932158055266,5.779971487206965,0.5437255754495466,1.5980761221644497
12.16,2.670466576802164,3.713858557282642,4.775292726645778,5.819565196913713,0.5840420030928016,1.6383748786308014
12.18,2.7099693163664025,3.7541185605550424,4.814966049063617,5.859846572276318,0.6236156197335996,1.6779362038483454
12.200000000000001,2.7501520043291983,3.7936406269538043,4.855336890732607,5.89944901140934,0.6639242432991904,1.7182192276110517
12.22,2.789650201617969,3.8339098132428573,4.895020241045309,5.939738467800957,0.7034896375336493,1.7577652134276052
12.24,2.829829120819045,3.873441223841202,4.935401239634849,5.97934829382085,0.7437896212313572,1.7980329467755987
12.26,2.8693239044895416,3.9137203371718865,4.9750944552157925,6.019644465921432,0.7833460100484733,1.8375640698838795
12.280000000000001,2.9095002041381233,3.9532617931498635,5.015485383807613,6.059260327811991,0.8236365921461777,1.8778170444758584
12.3,2.9489927217965595,3.9935515079977892,5.05518819435376,6.099561845743638,0.8631832676579477,1.917333868133972
12.32,2.989167566155768,4.033103639530227,5.095588719089179,6.139182391621925,0.9034637660195134,1.9575727018917362
12.34,3.0286589762692255,4.073404555045709,5.135300750694129,6.179487888766521,0.9430001006309247,1.99707587259415
12.36,3.068833536387648,4.112967915865882,5.1757104352466,6.219111773642703,0.9832699176041827,2.0373012659870815
12.38,3.1083250001152325,4.153280550674996,5.215431215109007,6.259419894571302,1.0227953685308873,2.076791509549765
12.4,3.1485004455062664,4.192855613222968,5.255849525790992,0.01586048100608742,1.063053995159232,2.1170042413005214
12.42,3.187993118502236,4.233180400841933,5.295578487537293,0.056169889446556,1.1025681082694205,2.156482358391137
12.44,3.228170608824815,4.272767552032086,5.336004799016592,0.09579648411140969,1.1428151278060563,2.1966832806355785
12.46,3.267665633066611,4.313104836928346,5.375741288610675,0.13610587088149226,1.182317540768497,2.2361501417823817
12.48,3.307846309861112,4.35270437456743,5.416174890205012,0.17573188925658564,1.2225526314779191,2.2763401747194267
12.5,3.3472890856224757,4.393054408897312,5.455918172411199,0.21603998009097977,1.2620430762035222,2.3157967148350296
12.52,3.3874762890847467,4.432665982397273,5.496358274923697,0.25566418282301206,1.3022660134402797,2.3559762837735496
12.540000000000001,3.426926732810456,4.473028400057422,5.536107534719994,0.2959697460250861,1.34174431224671,2.3954229727745084
12.56,3.467121361271324,4.512652195703625,5.5765532670985465,0.33559093907268567,1.3819549591172302,2.4355931909406454
12.58,3.506580306054983,4.553027128631016,5.616307618526164,0.37589279260193337,1.4214210271429997,2.475031145627101
12.6,3.5467832247306976,4.592663229885028,5.656758048181793,0.4155098341163674,1.4616193476832744,2.515193168433627
12.620000000000001,3.586251469322333,4.63305070532779,5.696516548119488,0.4558068526612225,1.501073199096538,2.5546235441477476
12.64,3.626463502537294,4.672699092597572,5.736970688884818,0.49541865991407413,1.5412592579553688,2.594778562718121
12.66,3.6659418037566365,4.713099033274398,5.776732345067454,0.5357097817124249,1.5807010053377002,2.634202546827951
12.68,3.70616372753193,4.752759584398898,5.817189165513199,0.5753153376262335,1.6208749667692504,2.674351781190264
12.700000000000001,3.7456527930653607,4.793171809388699,5.856952944874558,0.6155995708545006,1.6603048198255532,2.713770586270016
12.72,3.7858853281162737,4.832844300843361,5.8974113769207,0.6551979300852716,1.700466946004317,2.753915278269981
12.74,3.825385809739401,4.873268527208477,5.937176214196649,0.6954743587666901,1.7398852096137105,2.793330135025534
12.76,3.8656296149241838,4.912952636032186,5.977635161951986,0.7350646532918476,1.780035858289291,2.833471541008578
12.780000000000001,3.905142102190928,4.953388481172345,6.017399968477497,0.7753324426795358,1.819442929915884,2.8728836909977966
12.8,3.9453977684517327,4.993083787610234,6.057858317238978,0.814913886849882,1.859582551428954,2.9130230743111163
12.82,3.984922782889376,5.033530772338097,6.097621989870597,0.8551722882454484,1.8989789179151795,2.952433762509321
12.84,4.02519082772463,5.0732367631883,6.138078615212335,0.894744183264912,1.9391080515996615,2.9925723858754045
12.86,4.064728817572446,5.1136943155110535,6.1778400453065245,0.9349925382387494,1.97849428536831,3.03198285313692
12.88,4.105009680077804,5.153410388157234,6.21829382218758,0.9745542760410619,2.0186135553681708,3.0721219709505645
12.9,4.144561015604637,5.193877847742289,6.258051904564928,1.0147920200259732,2.057990310062412,3.1115334464177375
12.92,4.18485505211715,5.233603314847443,0.013899925528647026,1.0543430865228745,2.0981004205945233,3.151674297018993
12.94,4.224420021550678,5.274065775329543,0.053681857357533114,1.0945556087205717,2.1374684261880756,3.1910879905303977
12.96,4.264727360317667,5.3137862813375225,0.09273769885336627,1.1340819976473189,2.1775700148718142,3.2312317885060917
12.98,4.304305892024594,5.354244033203158,0.132540759973856,1.174270039318356,2.218334179058317,3.2706488802296896
13.0,4.344626455364312,5.393959806739971,0.1716164835171982,1.2137865435416302,2.2583998068418665,3.310810842636385
13.02,4.384218561966045,5.4344129887496795,0.21143822978434593,1.2539643384169832,2.299129176010537,3.3502459415317394
13.040000000000001,4.424552483269538,5.474124116806832,0.2519476562207381,1.2934706304124954,2.3391611916245427,3.3904260952045973
13.06,4.464158231787598,5.514586895351385,0.2917576149660249,1.3336520470910362,2.3798581183933756,3.4298792295912883
13.08,4.504505688317957,5.5543069279941655,0.3322549042291639,1.3731614934086205,2.4198589886243407,3.4700776288783577
13.1,4.544125324493693,5.594778081978522,0.37205264116951453,1.4133452617830295,2.460526075598182,3.509548852448453
13.120000000000001,4.5844865116217814,5.634505804562028,0.4125373479563625,1.452856683718135,2.500498357684492,3.549765575807028
13.14,4.624120153061886,5.67498408806902,0.45232243377110554,1.4930417240632474,2.5411381480826547,3.589254963935138
13.16,4.664495137315322,5.71471826414299,0.4927941245568305,1.5325541281706747,2.581084339435233,3.6294901041354297
13.18,4.704142776952461,5.755202411959019,0.5325661460370004,1.5727395436193363,2.6216993165757705,3.6689977415127433
13.200000000000001,4.744531499779943,5.794941788939837,0.5730244098853151,1.6122521141378354,2.6616218539965932,3.709251393559536
13.22,4.784193009766174,5.835430522633819,0.6127829802399515,1.6524371829508264,2.702214440031389,3.7487773626094594
13.24,4.824595291755287,5.875173837983217,0.6532274387519832,1.6919492740203923,2.742115698228191,3.7890496124632307
13.26,4.864270427810895,5.915665872449716,0.6929722070542871,1.7321334416320462,2.782688252216626,3.828593982555466
13.280000000000001,4.904685973377982,5.955411860272082,0.7334025234398294,1.771644569288609,2.822570541699675,3.8688848966707297
13.3,4.944374379610609,5.995905910649204,0.7731331831989929,1.8118274401165835,2.8631253571066018,3.908447714151223
13.32,4.984802782173443,6.035653308619272,0.8135490704572116,1.851337274055299,2.902990921551485,3.9487573298501326
13.34,5.024503996374701,6.076148097492096,0.8532653673050877,1.8915186030692561,2.943530223253314,3.988338608904347
13.36,5.064944744010922,6.115895654025333,0.8936665955053599,1.9310269581735902,2.9833812364117565,4.028666925603304
13.38,5.104658203430029,6.156389918826451,0.9333683339907791,1.9712066422233294,3.023907177292588,4.0682666399697585
13.4,5.145110685016661,6.1961364004055035,0.9737547366481955,2.0107134698626448,3.063745739531508,4.108613611275892
13.42,5.184835732603149,6.236628900925674,1.0134417861356126,2.0508915387715563,3.104260396749412,4.148231686825808
13.44,5.225299244425001,6.276373099498001,1.053813265679711,2.0903969178749433,3.1440885312966023,4.18859721351877
13.46,5.265035135525273,0.033677318242412456,1.0934855653528686,2.130573525309482,3.1845939022983294,4.228233521716018
13.48,5.305508888332819,0.07341805860653626,1.133842097692289,2.170077653228181,3.2244135512713705,4.26861744562855
13.5,5.345254797818338,0.11390343699194318,1.1734996606676575,2.210253067358506,3.264911549631959,4.308271797881903
13.52,5.385737924308743,0.1536395840926857,1.21384129885758,2.25114256226951,3.304724569925127,4.348673896690048
13.540000000000001,5.4254929541069705,0.19411968671266397,1.2534980779313378,2.291289525411104,3.34523086266051,4.388346039607001
13.56,5.465984516795438,0.2338502911899577,1.293838254270138,2.3321515198038485,3.3850523215163446,4.428766160934634
13.58,5.505747706552563,0.27432431038317223,1.3334933329718042,2.372272144955043,3.4255675562040677,4.468456040833239
13.6,5.546246714075672,0.3140485909899591,1.3738312169300786,2.413108763750115,3.4653980828910447,4.508894074421361
13.620000000000001,5.586017056807832,0.3545157461789587,1.4134838403216974,2.4532051428393955,3.5059228911331464,4.548601534500586
13.64,5.626522473733679,0.39423295236863254,1.4538187618408598,2.4940184885946066,3.545763094868721,4.589057265774181
13.66,5.66629892271207,0.43469249956438827,1.4934683314269304,2.5340926894770397,3.586298082219187,4.628782047093985
13.68,5.706809676797259,0.4744019205693869,1.5337997755833515,2.574884838968317,3.6261485424777526,4.669255158499678
13.700000000000001,5.746591152843344,0.5148531612075827,1.5734458438215835,2.614938901852703,3.6666942789668053,4.708996901595896
13.72,5.787106142665335,0.5545541344431135,1.6137734450794055,2.6557119021197515,3.706555536393581,4.7494869745925685
13.74,5.826891541784519,0.5949964235187684,1.6534157094880457,2.6957478354987385,3.7471125476829945,4.7892452217377635
13.76,5.867409644675739,0.6346883422807099,1.693739245539794,2.7365036994282823,3.786985095647198,4.8297517394475555
13.780000000000001,5.907197845956262,0.6751210957516638,1.7333775424030622,2.7765234755829225,3.827553854850196,4.869525937562047
13.8,5.9477179261650885,0.7148034161817273,1.7736969276028072,2.817264177101611,3.867438131670083,4.910048288082049
13.82,5.987507799867878,0.7552261176158225,1.8133312252813236,2.857269727251101,3.908019051868305,4.9498377922922785
13.84,6.028028716870922,0.794898364911423,1.8536465036803245,2.8979971961993543,3.947915433739335,4.9903752726600645
13.86,6.067819132635746,0.8353105713567867,1.8932768955383297,2.937990405365908,3.988508861227778,5.030179350494421
13.88,6.108339749525782,0.87497234520764,1.933588233537833,2.9787065221231708,4.028417655883423,5.070731171293458
13.9,6.148129584619366,0.9153736922702449,1.9732149305034965,3.0186892237811302,4.069023864172154,5.1105490074986495
13.92,6.1886487764938884,0.9550246715084555,2.0135226091437057,3.059395813712123,4.108945305304562,5.151114298082536
13.94,6.228436924026524,0.9954148776259977,2.053145931922907,3.0993697842895207,4.14956448990343,5.190945000036761
13.96,6.2689535863032235,1.0350548240811994,2.0934503388310732,3.1400686120801122,4.189498732368387,5.2315228143444354
13.98,0.02560898789071439,1.0754336939872595,2.133070709798781,3.1800355653799146,4.228719259629295,5.271365418036928
14.0,0.06612031458927271,1.1150630080506514,2.1733723308229393,3.2207142139846296,4.268638140820995,5.311941178794735
14.02,0.10595446571456293,1.1554309599623926,2.2129901299965984,3.2606616885933746,4.3093121964469905,5.351781073318268
14.040000000000001,0.1464592601426221,1.195049510407937,2.25328927212518,3.301336466242004,4.349300878013123,5.39236832129561
14.06,0.18628586446094972,1.2354064583980742,2.2929049825960957,3.341281260925078,4.38857534973476,5.432219585133265
14.08,0.22678326803253832,1.275014201327192,2.333202338532459,3.381940121622749,4.428546815127191,5.4728035344743695
14.1,0.2666013881764135,1.3153601549013936,2.3728165354977335,3.4218695466486175,4.469272138012878,5.512650791490493
14.120000000000001,0.30709030624623496,1.3549571406073937,2.41311259195802,3.462528548552196,4.509255121968939,5.553244802019412
14.14,0.34689905806794885,1.395292199384309,2.4527259269020716,3.5024585903045025,4.5485829050650715,5.593101398602587
14.16,0.3873787420736141,1.4348785666824493,2.4930215294819753,3.543104928989418,4.588605253854265,5.633690020877011
14.18,0.42717729580750685,1.475202925895841,2.5326347144240304,3.5830232979878605,4.627972011745263,5.673541086804386
14.200000000000001,0.46764677584356873,1.5147789070615492,2.572930483258186,3.623659277925468,4.66803172717439,5.714124047651713
14.22,0.5074342392097708,1.5550928504724486,2.612544157317241,3.6635681792301393,4.70743544966242,5.753969279528212
14.24,0.5478926365088532,1.5946587615076602,2.652840783085268,3.7041959305268124,4.7475305548662305,5.794546211473078
14.26,0.5876682081204856,1.6349626575226863,2.692455649843354,3.7440973972693397,4.786969252705644,5.8343852187990235
14.280000000000001,0.6281147387463616,1.674518896979722,2.7327538815371137,3.784718877252591,4.827097786689159,5.874955674310183
14.3,0.667877711575084,1.7148131969896099,2.7723706970405053,3.8246147722640944,4.866569486626535,5.914787993424055
14.32,0.7083116897124263,1.7543602439971109,2.812671329960954,3.865231767080936,4.906729500053882,5.955351458855729
14.34,0.7480614541324277,1.7946454799307643,2.852290890962462,3.905123784562003,4.946232241081724,5.995176566553931
14.36,0.7884822949185208,1.8341838914671467,2.892594754972181,3.944347882276327,4.9864217932541015,6.035732475740818
14.38,0.82821834127849,1.8744606726081354,2.9322039876921355,3.9842652586514142,5.025939724305241,6.075549802533376
14.4,0.868625563130077,1.9139909412740388,2.9724986004442373,4.023514355817031,5.06614354598465,6.116097411018982
14.42,0.9083474810328436,1.9542596809364707,3.0120994313067895,4.063456824138337,5.105675806591494,6.155906084708911
14.44,0.9487406993301969,1.9937822553192597,3.052386699313134,4.102730627989617,5.145893011959315,6.196444507214162
14.46,0.9884481716880275,2.0340434673323395,3.0919809819831574,4.142697867987383,5.185438670096296,6.236243666111119
14.48,1.0288270986938184,2.073558891629908,3.1322627359914925,4.181996031217015,5.225668303153239,6.276772033165506
14.5,1.0685199042800255,2.1138131822391872,3.1718522468389896,4.2219876643309195,5.265226361645742,0.03337552783589975
14.52,1.1088843512763893,2.153322088147158,3.2121302371687466,4.261309780544504,5.305467402999982,0.07389299470151167
14.540000000000001,1.1485623664987765,2.1935701476439333,3.2517166706983565,4.301325365796363,5.34503680636995,0.11367062533842162
14.56,1.1889122451366532,2.233073245990548,3.291992562579261,4.340670965802673,5.3852881804432196,0.15417638061511893
14.58,1.2285754450360353,2.2733158401003974,3.331577526889487,4.380709996518979,5.424867822149222,0.19394206226905486
14.6,1.2689107679027136,2.3128139122605806,3.3718528958675473,4.4200785454623945,5.465184705540153,0.2344353361166852
14.620000000000001,1.308559226384665,2.3530518733245587,3.4114379082027875,4.460141008993936,5.5047705042719555,0.27418889749421155
14.64,1.3488801124133842,2.3925457624470035,3.451714241289284,4.499532426377019,5.545093557490372,0.31466949140474404
14.66,1.388514012451083,2.432779980543546,3.491300734471355,4.539617608669547,5.584684536168501,0.35441018120159595
14.68,1.4288206845451727,2.4722705829509612,3.5315794244544785,4.579031157058331,5.625012721434487,0.39487736522042194
14.700000000000001,1.468440304434574,2.51250199706139,3.571168730316531,4.619138280232878,5.664607857459057,0.4346044973830717
14.72,1.5087330819213143,2.5519902532478254,3.611451065887608,4.658573159231493,5.704940096715565,0.4750576111714655
14.74,1.5483387935113309,2.592219841954843,3.6510444116685044,4.698701381071087,5.744538331477579,0.514770570640207
14.76,1.5886180899284126,2.6317067273977277,3.6913315738991255,4.738156727192761,5.784873516083737,0.5552090290163664
14.780000000000001,1.6282103561393895,2.671935499542319,3.730930078941147,4.778305141506743,5.824473764570017,0.5949072769201738
14.8,1.6684766763164194,2.7114220154927384,3.7712231380998875,4.817780028901854,5.864810765057307,0.6353305748206683
14.82,1.7080560479777764,2.751651000830894,3.8108278109037936,4.857947666744145,5.904411925486264,0.6750136530855344
14.84,1.7483099844458625,2.7911381651233538,3.851127723665387,4.897441108759432,5.944749601312785,0.715421369911542
14.86,1.7878770964868573,2.8313684050253882,3.8907394593535547,4.9376269404716275,5.984350564736841,0.7550889052499836
14.88,1.8281193252522718,2.87085724294959,3.931047066449871,4.977137892009246,6.0246877739738665,0.7954807085687852
14.9,1.8676748922826143,2.9110897811859746,3.9706666446846,5.017340830053987,6.064287433783724,0.8351324158242147
14.92,1.9079061680032312,2.950581316464183,4.010982669042925,5.056868190693743,6.1046230426685435,0.8755080644025057
14.94,1.9474509793227919,2.9908171901227516,4.050554766886366,5.097087093238404,6.144220303934664,0.915143749228114
14.96,1.9876721299283926,3.030311876994493,4.090881468855569,5.1366291512561135,6.184553196224342,0.9555030953797059
14.98,2.0272070384173055,3.070551575887064,4.130465171631448,5.17686229477374,6.224146979221921,0.9951226562373603
15.0,2.067418948433857,3.110050472238255,4.170802870286991,5.216417915137452,6.264476054485882,1.0354656473619188
15.02,2.1069448657867254,3.1502950543528687,4.21039840399013,5.2566641235142315,0.020879997582084846,1.0750690765072957
15.040000000000001,2.1471484824113247,3.18979918417542,4.250747309999215,5.2962321230465745,0.06120419242134081,1.1153957557439262
15.06,2.1866663785936145,3.2300496687284195,4.29035479567954,5.3364901745846485,0.10078789517547099,1.1549831398051935
15.08,2.2268627047173304,3.2695600145025354,4.330715011452563,5.3760693281995025,0.14110619140831768,1.1952936463559538
15.1,2.2663736009392843,3.3098173743594734,4.3703344655588445,5.416337962215673,0.18068337938229917,1.2348651663355539
15.120000000000001,2.306563687817122,3.349334869735732,4.4107059860440465,5.455927009627967,0.22099481180928943,1.2751597350795947
15.14,2.3460686491809146,3.389600024162899,4.450337321411709,5.4962049334980625,0.26056457273458783,1.3147156656626997
15.16,2.386253588796935,3.4291255469906474,4.490720035543851,5.5358025863443485,0.30086823642919475,1.3549946260718917
15.18,2.425753716664951,3.4693993547840205,4.530363063034706,5.576088482928229,0.3404297199857269,1.394535334254253
15.200000000000001,2.4659346338418073,3.5089337205316693,4.570756755842979,5.615693432232434,0.38072477706160485,1.4347991086256506
15.22,2.5054310579750494,3.5492169735689543,4.610411186639161,5.655985967611693,0.4202772013001146,1.4743250516778135
15.24,2.545609102278265,3.588760929180528,4.650815542013703,5.695596891527843,0.46056288711072724,1.514574152702477
15.26,2.5851029727948713,3.6290543464404923,4.690480990562223,5.735894722985942,0.5001055442979401,1.5540858754913052
15.280000000000001,2.6252793102830845,3.6686085646711675,4.730895594672619,5.77551029474772,0.5403811730295143,1.5943209031828633
15.3,2.664771789487768,3.7089127867626437,4.770571582271042,5.815812078920705,0.5799134348801552,1.6338190348749542
15.32,2.704947594360885,3.7484778610340546,4.810995927624117,5.85543097492643,0.6201784045043135,1.6740406728848254
15.34,2.7444398484967594,3.7887934452747514,4.85068188663185,5.895735376051473,0.6596997267694794,1.713525923059739
15.36,2.784616294694587,3.8283698850884735,4.891115376749921,5.935356284012559,0.6999535233274523,1.753734934409171
15.38,2.8240537880052097,3.868697301171133,4.930810655403621,5.9756619822014105,0.7394634497143022,1.7932080886134363
15.4,2.8642342676497328,3.908284971954015,4.971252610098363,6.015283609282548,0.779705650910246,1.8334047539670932
15.42,2.903676958824949,3.9486240750797696,5.010956472350575,6.0555893087475425,0.8192038107525745,1.8728661455242215
15.44,2.943862444270407,3.9882233819066815,5.05140612288479,6.09521038951659,0.859434078154164,1.9130514465430453
15.46,2.9833112483216953,4.028574527520354,5.09117335416627,6.135514826356004,0.8989201903447609,1.9525020689593546
15.48,3.0235026947713526,4.0681863296393095,5.131628466126893,6.175134686361381,0.9391382841000693,1.9926770436853283
15.5,3.062958513291026,4.10855030012249,5.171400315525498,6.215437166943053,0.9786121703708553,2.032117943309332
15.52,3.1031568611905924,4.14817474083872,5.211860120653528,6.2550545602684515,1.0188179611805734,2.072283680522192
15.540000000000001,3.142620573019836,4.188551627632361,5.251635814607231,0.012168545092174746,1.0582795458429912,2.1117159510207992
15.56,3.1828267276910442,4.228188752268422,5.2920994749675945,0.05178228154384247,1.0984730031814232,2.15187358435504
15.58,3.222299175170957,4.268578546725662,5.331878174321062,0.09207721274560592,1.1379223074771514,2.191298360513146
15.6,3.2625139992200833,4.308228301912854,5.372344790617987,0.13168616447100343,1.17810349958098,2.2314490618292973
15.620000000000001,3.301995980791217,4.3486308949921675,5.412125599012969,0.17197562927380697,1.217540641361159,2.2708675128869076
15.64,3.342220286856825,4.3882931287052305,5.452594219255489,0.21157873701458044,1.257709734504881,2.3110124853237686
